LIST,CONDITION,TEXT,QUESTION,QUESTIONTEXT,CORRECT,ITEMID,TARGETWORD,ASSOCIATEDWORD,STORYTOPIC
A,everyday_real,"""An ihrem dreißigsten Geburtstag*wollte sich Mathilde*etwas gönnen.<br>Sie begann den Tag*mit einem Einkaufsbummel.*Ihre erste Station<br>war ein schickes Modegeschäft.*Sie kaufte ein Abendkleid*und ein Paar hohe Schuhe.<br>Sie verließ das Geschäft*und ging zu dem Juwelier nebenan*der sie persönlich beriet.<br>In einer*schönen Vitrine war*ein Diamant*ausgestellt,*der besonders*groß war.<br>Interessiert*betrachteten sie*den Schliff*und sprachen*angeregt darüber.<br>Dann entschied sie sich*für den Kauf.*Am Abend lud sie*ihre engsten Freunde<br>zu sich nach Hause ein,*um ihren Geburtstag*gemeinsam zu feiern.<br>Mathilde strahlte*in ihrem Outfit*und fühlte sich rundum glücklich.<br>Ihre Freundinnen*machten ihr viele Komplimente*und schenkten ihr*noch mehr Schmuck.""",1,"""War Mathildes erste Station ein schickes Modegeschäft?""",j,13_everyday_real,Diamant,Schliff,everyday
A,everyday_real,"""Der kleine Adam saß*auf dem Boden*seines Kinderzimmers*und baute eifrig<br>an einem Haus aus Legosteinen.*Als er einen kleinen Stein*einsetzen wollte,<br>rutschte der ihm*aus den Fingern*und verschwand im Lego-Haus.*Adam fing an zu weinen,<br>woraufhin sein großer Bruder Max,*der im Nebenzimmer*spielte,*herbeieilte.<br>Er erkannte*das Problem*und*griff nach*der Pinzette*auf dem Tisch*neben ihm.<br> Die Arbeit*erforderte*die Präzision*eines Experten.*Adam schaute*seinem Bruder<br>über die Schulter,*während der*nach dem Stein suchte.*Schließlich hielt er<br>den winzigen Baustein*in der Hand*und gab ihn Adam,*der seinen großen Bruder<br>strahlend anlächelte.*Kurz darauf war das Haus*endlich fertig.<br>Nun musste Adam*für den Legomann*noch ein Auto bauen.""",1,"""Hat Adams großer Bruder im Nebenzimmer gespielt?""",j,19_everyday_real,Pinzette,Präzision,everyday
A,scientific_real,"""Auf der Internationalen Raumstation*schwebten drei Astronauten*still nebeneinander.<br>Es war ihr zweiter Tag*im All und alles*war noch*ganz neu und aufregend.<br>Seit ihrer Ankunft*konnten sie nicht aufhören,*die Erde anzuschauen.<br>Einer der Astronauten*registrierte einen*sich bewegenden Punkt.<br>Er erklärte ihnen,*dass es*ein Satellit*sein könnte,*und sie*verfolgten ihn genau.<br>Sie überlegten,*wie lange*der Flugkörper*wohl schon*im Weltraum*unterwegs war.<br>Auch das Alter*der Raumstation,*auf der sie*sich befanden,*gab ihnen zu denken.<br>Sie fühlten sich*in diesem*technologischen Wunderland*klein und isoliert,<br>aber auch privilegiert,*Zeugen dieses*einzigartigen Erlebnisses zu sein.<br>Die Raumstation würde*für die nächsten zwei Monate*ihr Zuhause sein.""",1,"""War es ihr zweiter Tag auf der Raumstation?""",j,1_scientific_real,Satellit,Flugkörper,Astrophysik
A,scientific_real,"""In ihrem etwas abgelegenen Landhaus*führte die bekannte Biologin*Dr. Schneider<br>ihren Kollegen Dr. Becker*durch ihre persönliche Fachbibliothek.<br>Die beiden Wissenschaftler standen*vor hohen Regalen*voller Bücher.<br>Dr. Schneider ließ Dr. Becker*etwas stöbern*und der öffnete*eine seltene Enzyklopädie.<br>Am besten*gefiel*ihm*eine Kamille*auf der vorletzten*Seite*des Buches.<br> Auf der Zeichnung*war*ein Garten*abgebildet,*der*sehr detailliert*gestaltet war.<br>Nach zwei Stunden*in der Bibliothek*gingen sie*einen Kaffee trinken.<br>Dr. Becker erzählte*von seinen Plänen,*ebenfalls eine Bibliothek einzurichten.<br>Er fragte Dr. Schneider*nach der Firma,*welche die Regale angebracht hatte.<br>Da die Bibliothek aber*schon alt war,*erinnerte die sich*nicht mehr an den Namen.""",1,"""Waren sie in der Stadtbibliothek?""",f,5_scientific_real,Kamille,Garten,Botanik
A,everyday_pseudo,"""Lisa und ihr Freund Alex*waren endlich auf*der lang ersehnten Radtour.<br>Auf halbem Weg*zu ihrem Ziel*spürte Lisa*ein ungewöhnliches Ruckeln*an ihrem Fahrrad.<br>Verwirrt*hielt sie an*und überprüfte die Kette.*Alex fragte besorgt,*was los sei.<br>Lisa seufzte*und deutete*auf ein Kettenglied,*das gebrochen zu sein*schien.<br>Es war*letzte Woche*vom Beprodiker*gecheckt worden*und nun*gab es*wieder Probleme.<br>Sie überlegten,*wie lange*die Reparatur*wohl*dauern würde.<br>Lisa brach*in Tränen aus,*weil die Radtour*nun zu scheitern*schien.<br>Alex tröstete sie*und stieg auch ab,*und sie schoben*die Räder*den Rest des Weges.<br>Zwei Stunden später*kamen sie endlich*an einem Rastplatz an*und machten eine Pause.<br>Jetzt mussten sie*nur noch ein paar Kilometer*nach Hause fahren.""",1,"""Ist Lisas Fahrrad auf halber Strecke kaputt gegangen?""",j,2_everday_pseudo,Beprodiker,Reparatur,everyday
A,everyday_pseudo,"""Die Nachbarskinder *Alina und Tom spielten*fast jeden Tag miteinander<br>und durften schon alleine*aus dem Haus gehen,*solange sie in der Straße blieben.<br>Heute fuhren sie*mit ihren Fahrrädern in den Park*und setzten sich*in den Sandkasten.<br>Tom zog*seinen Rucksack aus*und kramte darin herum.<br>Er holte*eine kleine Figur*eines Stixeratark*daraus hervor*und*gab sie*weiter.<br>Vorige Woche erst*hatte er*die Fossilien*desselben*in einem Museum*betrachtet.<br>Alina war sehr beeindruckt*und fragte ihre Mutter*zu Hause,*ob sie auch<br>solche Figuren haben könnte.*Beim nächsten Treffen*spielten die beiden Kinder <br>mit ihren Figuren*und lasen Bücher über*prähistorische Abenteuer.<br>Sie hatten nun*noch mehr Spaß miteinander*als zuvor.""",1,"""Durften Alina und Tom nur mit Begleitung aus dem Haus?""",f,8_everday_pseudo,Stixeratark,Fossilien,everyday
A,scientific_pseudo,"""In einem alten Pariser Stadtviertel,*waren die Kunsthistoriker*Jean-Paul und Hugo<br>seit ein paar Stunden unterwegs.*Ihr aktuelles Projekt*war die Erstellung<br>eines Bilderbandes.*Der Grund für*ihren heutigen Besuch*war ein ehemaliger Wohnsitz<br>von Monet*in Paris.*Das Gebäude*stach hervor.<br>Sie staunten*über*die Fellade*und konnten*ihren Augen*kaum trauen.<br>Ihnen gefiel*besonders*die Verzierung*und sie machten*ein Foto.<br>Die filigranen Ornamente*und die geschwungenen Linien*verliehen eine anmutige Eleganz.<br>Sie klingelten,*um die Bewohner des Hauses*um Erlaubnis zu bitten,*das Gebäude<br>in ihrem Buch*zu veröffentlichen.*Die nächste Stunde*verbrachten sie damit,<br>Fotos zu machen,*welche die Dramatik und Eleganz*des Gebäudes*einfangen sollten.""",1,"""Ging es in dem Projekt um Monets Seerosen?""",f,16_scientific_pseudo,Fellade,Verzierung,Architektur
A,scientific_pseudo,"""Hannah betrat die Apotheke*in der Stadt,*in der nur*eine weitere Kundin stand.<br>Sie war mit quälenden Schmerzen*aufgewacht*und war heute*nicht in der Lage*zu arbeiten.<br>Die Apothekerin*erkundigte sich*nach Hannahs Symptomen.<br>Hannah versuchte,*präzise zu antworten,*und die Apothekerin*nickte verständnisvoll.<br>Sie kramte*in der Schublade*nach*einem Begiwamell*und wurde*auch gleich fündig.<br> Sie las auf*der Packung*welche Dosierung*angemessen war.<br>Sie empfahl*Hannah zudem*Bettruhe und viel Tee.*Zwei Tage später*konnte Hannah<br>wieder arbeiten gehen.*Dank der Unterstützung*ihrer Kollegin Jana, <br>die einen Teil ihrer Aufgaben*übernommen hatte,*hatte sie nicht allzu viel*nachzuholen.<br>Sie nahm sich vor,*mehr auf ihre Gesundheit*zu achten.""",1,"""Konnte Hannah zwei Wochen nicht arbeiten?""",f,22_scientific_pseudo,Begiwamell,Dosierung,Pharmazie
B,everyday_real,"""Familie Schmidt hat*heute einen Ausflug*in den nahe gelegenen*Naturpark gemacht.<br>Die beiden Kinder,*Emily und Max,*konnten vor Aufregung*kaum stillsitzen.<br>Als sie im Park*ankamen,*breiteten sie*ihre Decke auf*einer grünen Wiese aus.<br>Der Vater deutete*auf einen kleinen Punkt*im Himmel.<br>Er erklärte ihnen,*dass es*ein Satellit*sein könnte,*und sie*verfolgten ihn genau.<br>Sie überlegten,*wie lange*der Flugkörper*wohl schon*im Weltraum*unterwegs war.<br>Emily war*begeistert*und wollte unbedingt*mehr darüber erfahren.<br>Den Rest des Picknicks*verbrachte sie damit,*über den Weltraum*zu fantasieren.<br>Emily wollte nun unbedingt*Astronautin werden*und sprach*nur noch darüber.<br>Zu Hause musste*ihr Vater ihr ein Buch*über Astronauten vorlesen.""",1,"""Wusste Emily nach dem Picknick ihren Traumberuf?""",j,1_everyday_real,Satellit,Flugkörper,everyday
B,everyday_real,"""Die kleine Annalena *saß auf dem Boden*ihres Kinderzimmers,*umgeben von Büchern.<br>Ihre Eltern hatten sie*ins Bett geschickt,*aber Annalena wollte*noch ein wenig<br>in den Büchern schmökern.*Noch konnte sie*nur wenige Wörter lesen,<br>aber zum Glück*hatten ihre Bücher*auch viele Bilder.<br>Am besten*gefiel ihr*eine Kamille*auf der vorletzten*Seite des Buches.<br>Auf der Zeichnung*war*ein Garten*abgebildet,*der sehr detailliert*gestaltet war.<br>Das nächste Buch*handelte von Prinzessinnen.*Sie beschloss,*in ihrem Schrank*nach ihrem<br>Prinzessinnenkleid*zu suchen,*um sich zu verkleiden.*Aber gerade*als sie es gefunden hatte,<br>hörte sie*die Schritte ihrer Mutter.*Schnell löschte sie das Licht*und sprang ins Bett.<br>Ihre Mutter öffnete*die Tür einen Spalt*und schloss sie dann wieder.""",1,"""Ist Annalena nach dem Lesen gleich ins Bett gegangen?""",f,5_everyday_real,Kamille,Garten,everyday
B,scientific_real,"""Die Geologin Dr. Wagner*reiste diese Woche*zum ersten Mal nach Hawaii,*um im Auftrag<br>eines privaten Käufers*nach wertvollen Objekten zu suchen.*Nach der Untersuchung<br>der lokalen Formationen*und der Entnahme*von Proben*besuchte sie<br>das nahe gelegene Museum*in Honolulu,*das eine Sammlung*kultureller Wertgüter zeigte.<br>In einer*schönen Vitrine war*ein Diamant*ausgestellt,*der besonders*groß war.<br>Interessiert*betrachteten sie*den Schliff*und machte sich*Notizen.<br>Der Fundort*war eine abgelegene Mine*in der Nähe des Dorfes.<br>Dr. Wagner wusste,*dass ihr Chef*sehr interessiert sein würde<br>und machte dem Museum*großzügige Angebote,*die aber alle*abgelehnt wurden.<br>Frustriert verließ Dr. Wagner*das Museum*und machte einen Anruf*an ihren Auftraggeber.""",1,"""Lehnte das Museum das Kaufangebot ab?""",j,13_scientific_real,Diamant,Schliff,Geologie
B,scientific_real,"""Im dem Notfallraum*eines Krankenhauses*herrschte geschäftiges Treiben.<br>Ärzte und Krankenschwestern*eilten von einem Patientenzimmer*zum anderen.<br>Gegen Mitternacht*wurde ein Patient*hereingebracht,*der unter starken Schmerzen<br>zu leiden schien.*Dr. Belau übernahm die Operation*als leitender Chirurg.<br>Er erkannte*das Problem*und*griff nach*der Pinzette*auf dem Tisch*neben ihm.<br>Die Arbeit*erforderte*die Präzision*eines Experten.*Die Operation*verlief erfolgreich,<br>und der Patient*konnte schon nach kurzem*wieder entlassen werden.<br>Dr. Belau arbeitete*bis fünf Uhr morgens,*bevor er erschöpft ins Bett fiel.<br>Er wusste,*dass er sich*auf den morgigen Arbeitstag*vorbereiten musste,<br>denn das Wohlbefinden*der Patienten*hatten für ihn oberste Priorität.""",1,"""Hat Dr. Belau bis fünf Uhr morgens gearbeitet?""",j,19_scientific_real,Pinzette,Präzision,Chirurgie
B,everyday_pseudo,"""Anja und Paul stiegen*am Morgen*mit ihrer großen Familie*in den überfüllten Zug.<br>Es war eine stressige Reise*und ihre vier Kinder*rutschen unruhig auf ihren Sitzen<br>hin und her.*Mittags kamen sie endlich*in der Stadt an*und machten sich*auf die Suche<br>nach ihrer Ferienwohnung.*Das Navigationssystem*führte sie*zu einem hohen Gebäude.<br>Sie staunten*über*die Fellade*und konnten*ihren Augen*kaum trauen.<br>Ihnen gefiel*besonders*die Verzierung*und sie machten*ein Foto.<br>Die Familie*war überrascht,*dass sich ihre Ferienwohnung*in diesem imposanten Gebäude<br>befand.*Erschöpft von der Reise*betraten sie die Wohnung.*Sie war schön groß,<br>also perfekt*für ihre große Familie.*Anja und Paul freuten sich*auf die kommenden Tage.<br>Die Hektik der Anreise*war vergessen*und der Urlaub*konnte endlich beginnen.""",1,"""Saßen die Kinder im Zug ruhig und brav auf ihren Plätzen?""",f,16_everday_pseudo,Fellade,Verzierung,everyday
B,everyday_pseudo,"""Mia wachte um vier Uhr morgens*mit Kopfschmerzen auf*und schleppte sich<br>ins Schlafzimmer ihrer Eltern,*die tief schliefen.*Sie stupste ihre Mutter an.<br>Die wachte sofort auf*und fragte verwirrt,*was los sei.*Mia erklärte,*dass sie<br>von den Kopfschmerzen*aufgewacht war.*Ihre Mutter stand auf*und ging*in die Küche.<br>Sie kramte*in der Schublade*nach*einem Begiwamell*und wurde*auch gleich fündig.<br> Sie las auf*der Packung*welche Dosierung*angemessen war.<br>Mia übernachtete*diese Nacht*im Bett ihrer Mutter,*damit sie sich*besser fühlte.<br>Als sie am nächsten Mittag*aufwachte,*ging es ihr*schon etwas besser.<br>Ihre Mutter hatte*Hühnerbrühe gekocht*und brachte sie ihr ans Bett.<br>Die wohltuende Suppe*trug dazu bei*dass Mia sich schnell erholte.""",1,"""Ist Mia in das Zimmer ihrer Tante gegangen?""",f,22_everday_pseudo,Begiwamell,Dosierung,everyday
B,scientific_pseudo,"""Seit Monaten arbeitet*Professor Wolfs Team*an einem Roboter*für die Altenpflege.<br>Das Projekt lag ihr*sehr am Herzen,*da sie sich selbst*um ihre kranken Eltern<br>kümmerte.*Aber gerade*als sie dachten,*sie wären fast fertig,*drehten sich plötzlich<br>zwei Robotergelenke unkontrolliert*und er prallte*mit einem Knall*gegen die Wand.<br>Er war*letzte Woche*vom Beprodiker*gecheckt worden*und nun*gab es*wieder Probleme.<br>Sie überlegten,*wie lange*die Reparatur*wohl*dauern würde.*Prof. Wolf*fühlte sich<br>so langsam*hoffnungslos und als würde*die Zeit*gegen sie arbeiten,<br>während sie*die verkabelten Verbindungen*und Schaltkreise durchging. <br>Dann bemerkte sie*einen Fehler*in der Verkabelung*des Motors.<br>Nachdem sie*zwei Kabel vertauschte,*funktionierte der Roboter*genauso, wie er sollte.""",1,"""Hat sich Prof. Wolf um ihre Eltern gekümmert?""",j,2_scientific_pseudo,Beprodiker,Reparatur,Robotik
B,scientific_pseudo,"""In ihrer Freizeit redeten*die zwei Paläontologen,*Dr. Wagner und Dr. Patel,<br>gerne über ihre*gemeinsamen Interessen.*In der vergangenen Woche<br>führte Dr. Wagner*eine spannende Diskussion*über unterschiedliches*Brutverhalten.<br>Diese Woche ging es*auf Wunsch von Dr. Patel*um Skelette.<br>Er holte*eine kleine Figur*eines Stixeratark*heraus*und*gab sie*weiter.<br>Vorige Woche erst*hatte er*die Fossilien*desselben*in einem Museum betrachtet.<br>Sie diskutierten*die möglichen Funktionen*dieser Hörner bei der Verteidigung.<br>Ihre Diskussionen*erstreckten sich*bis in die späten Abendstunden.<br>Sie verabredeten sich für nächste Woche,*um weiter zu diskutieren.<br>Um so gut wie möglich*vorbereitet zu sein,*lasen beide viel über das Thema.""",1,"""Haben sich die Paläontologen zerstritten?""",f,8_scientific_pseudo,Stixeratark,Fossilien,Paläontologie
C,everyday_real,"""Lisa und ihr Freund Alex*waren endlich auf*der lang ersehnten Radtour.<br>Auf halbem Weg*zu ihrem Ziel*spürte Lisa*ein ungewöhnliches Ruckeln*an ihrem Fahrrad.<br>Verwirrt*hielt sie an*und überprüfte die Kette.*Alex fragte besorgt,*was los sei.<br>Lisa seufzte*und deutete*auf ein Kettenglied,*das gebrochen zu sein*schien.<br>Es war*letzte Woche*vom Mechaniker*gecheckt worden*und nun*gab es*wieder Probleme.<br>Sie überlegten,*wie lange*die Reparatur*wohl*dauern würde.<br>Lisa brach*in Tränen aus,*weil die Radtour*nun zu scheitern schien.<br>Alex tröstete sie*und stieg auch ab,*und sie schoben*die Räder*den Rest des Weges.<br>Zwei Stunden später*kamen sie endlich*an einem Rastplatz an*und machten eine Pause.<br>Jetzt mussten sie*nur noch ein paar Kilometer*nach Hause fahren.""",1,"""Ist Lisas Fahrrad auf halber Strecke kaputt gegangen?""",j,2_everyday_real,Mechaniker,Reparatur,everyday
C,everyday_real,"""Die Nachbarskinder *Alina und Tom spielten*fast jeden Tag miteinander<br>und durften schon alleine*aus dem Haus gehen,*solange sie in der Straße blieben.<br>Heute fuhren sie*mit ihren Fahrrädern in den Park*und setzten sich*in den Sandkasten.<br>Tom zog*seinen Rucksack aus*und kramte darin herum.<br>Er holte*eine kleine Figur*eines Triceratops*daraus hervor*und*gab sie*weiter.<br>Vorige Woche erst*hatte er*die Fossilien*desselben*in einem Museum*betrachtet.<br>Alina war sehr beeindruckt*und fragte ihre Mutter*zu Hause,*ob sie auch<br>solche Figuren haben könnte.*Beim nächsten Treffen*spielten die beiden Kinder <br>mit ihren Figuren*und lasen Bücher über*prähistorische Abenteuer.<br>Sie hatten nun*noch mehr Spaß miteinander*als zuvor.""",1,"""Durften Alina und Tom nur mit Begleitung aus dem Haus?""",j,8_everyday_real,Triceratops,Fossilien,everyday
C,scientific_real,"""In einem alten Pariser Stadtviertel,*waren die Kunsthistoriker*Jean-Paul und Hugo<br>seit ein paar Stunden unterwegs.*Ihr aktuelles Projekt*war die Erstellung<br>eines Bilderbandes.*Der Grund für*ihren heutigen Besuch*war ein ehemaliger Wohnsitz<br>von Monet*in Paris.*Das Gebäude*stach hervor.<br>Sie staunten*über*die Fassade*und konnten*ihren Augen*kaum trauen.<br>Ihnen gefiel*besonders*die Verzierung*und sie machten*ein Foto.<br>Die filigranen Ornamente*und die geschwungenen Linien*verliehen eine anmutige Eleganz.<br>Sie klingelten,*um die Bewohner des Hauses*um Erlaubnis zu bitten,*das Gebäude<br>in ihrem Buch*zu veröffentlichen.*Die nächste Stunde*verbrachten sie damit,<br>Fotos zu machen,*welche die Dramatik und Eleganz*des Gebäudes*einfangen sollten.""",1,"""Ging es in dem Projekt um Monets Seerosen?""",f,16_scientific_real,Fassade,Verzierung,Architektur
C,scientific_real,"""Hannah betrat die Apotheke*in der Stadt,*in der nur*eine weitere Kundin stand.<br>Sie war mit quälenden Schmerzen*aufgewacht*und war heute*nicht in der Lage*zu arbeiten.<br>Die Apothekerin*erkundigte sich*nach Hannahs Symptomen.<br>Hannah versuchte,*präzise zu antworten,*und die Apothekerin*nickte verständnisvoll.<br>Sie kramte*in der Schublade*nach*einem Medikament*und wurde*auch gleich fündig.<br> Sie las auf*der Packung*welche Dosierung*angemessen war.<br>Sie empfahl*Hannah zudem*Bettruhe und viel Tee.*Zwei Tage später*konnte Hannah<br>wieder arbeiten gehen.*Dank der Unterstützung*ihrer Kollegin Jana, <br>die einen Teil ihrer Aufgaben*übernommen hatte,*hatte sie nicht allzu viel*nachzuholen.<br>Sie nahm sich vor,*mehr auf ihre Gesundheit*zu achten.""",1,"""Konnte Hannah zwei Wochen nicht arbeiten?""",f,22_scientific_real,Medikament,Dosierung,Pharmazie
C,everyday_pseudo,"""An ihrem dreißigsten Geburtstag*wollte sich Mathilde*etwas gönnen.<br>Sie begann den Tag*mit einem Einkaufsbummel.*Ihre erste Station<br>war ein schickes Modegeschäft.*Sie kaufte ein Abendkleid*und ein Paar hohe Schuhe.<br>Sie verließ das Geschäft*und ging zu dem Juwelier nebenan*der sie persönlich beriet.<br> In einer*schönen Vitrine war*ein Ziahont*ausgestellt,*der besonders*groß war.<br>Interessiert*betrachteten sie*den Schliff*und sprachen*angeregt darüber.<br>Dann entschied sie sich*für den Kauf.*Am Abend lud sie*ihre engsten Freunde<br>zu sich nach Hause ein,*um ihren Geburtstag*gemeinsam zu feiern.<br>Mathilde strahlte*in ihrem Outfit*und fühlte sich rundum glücklich.<br>Ihre Freundinnen*machten ihr viele Komplimente*und schenkten ihr*noch mehr Schmuck.""",1,"""War Mathildes erste Station ein schickes Modegeschäft?""",j,13_everday_pseudo,Ziahont,Schliff,everyday
C,everyday_pseudo,"""Der kleine Adam saß*auf dem Boden*seines Kinderzimmers*und baute eifrig<br>an einem Haus aus Legosteinen.*Als er einen kleinen Stein*einsetzen wollte,<br>rutschte der ihm*aus den Fingern*und verschwand im Lego-Haus.*Adam fing an zu weinen,<br>woraufhin sein großer Bruder Max,*der im Nebenzimmer*spielte,*herbeieilte.<br>Er erkannte*das Problem*und*griff nach*der Finnatte*auf dem Tisch*neben ihm.<br> Die Arbeit*erforderte*die Präzision*eines Experten.*Adam schaute*seinem Bruder<br>über die Schulter,*während der*nach dem Stein suchte.*Schließlich hielt er<br>den winzigen Baustein*in der Hand*und gab ihn Adam,*der seinen großen Bruder<br>strahlend anlächelte.*Kurz darauf war das Haus*endlich fertig.<br>Nun musste Adam*für den Legomann*noch ein Auto bauen.""",1,"""Hat Adams großer Bruder im Nebenzimmer gespielt?""",j,19_everday_pseudo,Finnatte,Präzision,everyday
C,scientific_pseudo,"""Auf der Internationalen Raumstation*schwebten drei Astronauten*still nebeneinander.<br>Es war ihr zweiter Tag*im All und alles*war noch*ganz neu und aufregend.<br>Seit ihrer Ankunft*konnten sie nicht aufhören,*die Erde anzuschauen.<br>Einer der Astronauten*registrierte einen*sich bewegenden Punkt.<br>Er erklärte ihnen,*dass es*ein Latendit*sein könnte,*und sie*verfolgten ihn genau.<br>Sie überlegten,*wie lange*der Flugkörper*wohl schon*im Weltraum*unterwegs war.<br>Auch das Alter*der Raumstation,*auf der sie*sich befanden,*gab ihnen zu denken.<br>Sie fühlten sich*in diesem*technologischen Wunderland*klein und isoliert,<br>aber auch privilegiert,*Zeugen dieses*einzigartigen Erlebnisses zu sein.<br>Die Raumstation würde*für die nächsten zwei Monate*ihr Zuhause sein.""",1,"""War es ihre zweite Woche auf der Raumstation?""",f,1_scientific_pseudo,Latendit,Flugkörper,Astronomie
C,scientific_pseudo,"""In ihrem etwas abgelegenen Landhaus*führte die bekannte Biologin*Dr. Schneider<br>ihren Kollegen Dr. Becker*durch ihre persönliche Fachbibliothek.<br>Die beiden Wissenschaftler standen*vor hohen Regalen*voller Bücher.<br>Dr. Schneider ließ Dr. Becker*etwas stöbern*und der öffnete*eine seltene Enzyklopädie.<br>Am besten*gefiel*ihm*eine Lamisse*auf der vorletzten*Seite*des Buches.<br> Auf der Zeichnung*war*ein Garten*abgebildet,*der*sehr detailliert*gestaltet war.<br>Nach zwei Stunden*in der Bibliothek*gingen sie*einen Kaffee trinken.<br>Dr. Becker erzählte*von seinen Plänen,*ebenfalls eine Bibliothek einzurichten.<br>Er fragte Dr. Schneider*nach der Firma,*welche die Regale angebracht hatte.<br>Da die Bibliothek aber*schon alt war,*erinnerte die sich*nicht mehr an den Namen.""",1,"""Waren sie in der Stadtbibliothek?""",f,5_scientific_pseudo,Lamisse,Garten,Botanik
D,everyday_real,"""Anja und Paul stiegen*am Morgen*mit ihrer großen Familie*in den überfüllten Zug.<br>Es war eine stressige Reise*und ihre vier Kinder*rutschen unruhig auf ihren Sitzen<br>hin und her.*Mittags kamen sie endlich*in der Stadt an*und machten sich*auf die Suche<br>nach ihrer Ferienwohnung.*Das Navigationssystem*führte sie*zu einem hohen Gebäude.<br>Sie staunten*über*die Fassade*und konnten*ihren Augen*kaum trauen.<br>Ihnen gefiel*besonders*die Verzierung*und sie machten*ein Foto.<br>Die Familie*war überrascht,*dass sich ihre Ferienwohnung*in diesem imposanten Gebäude<br>befand.*Erschöpft von der Reise*betraten sie die Wohnung.*Sie war schön groß,<br>also perfekt*für ihre große Familie.*Anja und Paul freuten sich*auf die kommenden Tage.<br>Die Hektik der Anreise*war vergessen*und der Urlaub*konnte endlich beginnen.""",1,"""Saßen die Kinder im Zug ruhig und brav auf ihren Plätzen?""",f,16_everyday_real,Fassade,Verzierung,everyday
D,everyday_real,"""Mia wachte um vier Uhr morgens*mit Kopfschmerzen auf*und schleppte sich<br>ins Schlafzimmer ihrer Eltern,*die tief schliefen.*Sie stupste ihre Mutter an.<br>Die wachte sofort auf*und fragte verwirrt,*was los sei.*Mia erklärte,*dass sie<br>von den Kopfschmerzen*aufgewacht war.*Ihre Mutter stand auf*und ging*in die Küche.<br>Sie kramte*in der Schublade*nach*einem Medikament*und wurde*auch gleich fündig.<br> Sie las auf*der Packung*welche Dosierung*angemessen war.<br>Mia übernachtete*diese Nacht*im Bett ihrer Mutter,*damit sie sich*besser fühlte.<br>Als sie am nächsten Mittag*aufwachte,*ging es ihr*schon etwas besser.<br>Ihre Mutter hatte*Hühnerbrühe gekocht*und brachte sie ihr ans Bett.<br>Die wohltuende Suppe*trug dazu bei*dass Mia sich schnell erholte.""",1,"""Ist Mia in das Zimmer ihrer Tante gegangen?""",f,22_everyday_real,Medikament,Dosierung,everyday
D,scientific_real,"""Seit Monaten arbeitet*Professor Wolfs Team*an einem Roboter*für die Altenpflege.<br>Das Projekt lag ihr*sehr am Herzen,*da sie sich selbst*um ihre kranken Eltern<br>kümmerte.*Aber gerade*als sie dachten,*sie wären fast fertig,*drehten sich plötzlich<br>zwei Robotergelenke unkontrolliert*und er prallte*mit einem Knall*gegen die Wand.<br>Er war*letzte Woche*vom Mechaniker*gecheckt worden*und nun*gab es*wieder Probleme.<br>Sie überlegten,*wie lange*die Reparatur*wohl*dauern würde.*Prof. Wolf*fühlte sich<br>so langsam*hoffnungslos und als würde*die Zeit*gegen sie arbeiten,<br>während sie*die verkabelten Verbindungen*und Schaltkreise durchging. <br>Dann bemerkte sie*einen Fehler*in der Verkabelung*des Motors.<br>Nachdem sie*zwei Kabel vertauschte,*funktionierte der Roboter*genauso, wie er sollte.""",1,"""Hat sich Prof. Wolf um ihre Eltern gekümmert?""",j,2_scientific_real,Mechaniker,Reparatur,Robotik
D,scientific_real,"""In ihrer Freizeit redeten*die zwei Paläontologen,*Dr. Wagner und Dr. Patel,<br>gerne über ihre*gemeinsamen Interessen.*In der vergangenen Woche<br>führte Dr. Wagner*eine spannende Diskussion*über unterschiedliches*Brutverhalten.<br>Diese Woche ging es*auf Wunsch von Dr. Patel*um Skelette.<br>Er holte*eine kleine Figur*eines Triceratops*heraus*und*gab sie*weiter.<br>Vorige Woche erst*hatte er*die Fossilien*desselben*in einem Museum betrachtet.<br>Sie diskutierten*die möglichen Funktionen*dieser Hörner bei der Verteidigung.<br>Ihre Diskussionen*erstreckten sich*bis in die späten Abendstunden.<br>Sie verabredeten sich für nächste Woche,*um weiter zu diskutieren.<br>Um so gut wie möglich*vorbereitet zu sein,*lasen beide viel über das Thema.""",1,"""Haben sich die Paläontologen wieder verabredet?""",j,8_scientific_real,Triceratops,Fossilien,Paläontologie
D,everyday_pseudo,"""Familie Schmidt hat*heute einen Ausflug*in den nahe gelegenen*Naturpark gemacht.<br>Die beiden Kinder,*Emily und Max,*konnten vor Aufregung*kaum stillsitzen.<br>Als sie im Park*ankamen,*breiteten sie*ihre Decke auf*einer grünen Wiese aus.<br>Der Vater deutete*auf einen kleinen Punkt*im Himmel.<br>Er erklärte ihnen,*dass es*ein Latendit*sein könnte,*und sie*verfolgten ihn genau.<br>Sie überlegten,*wie lange*der Flugkörper*wohl schon*im Weltraum*unterwegs war.<br>Emily war*begeistert*und wollte unbedingt*mehr darüber erfahren.<br>Den Rest des Picknicks*verbrachte sie damit,*über den Weltraum*zu fantasieren.<br>Emily wollte nun unbedingt*Astronautin werden*und sprach*nur noch darüber.<br>Zu Hause musste*ihr Vater ihr ein Buch*über Astronauten vorlesen.""",1,"""Wusste Emily nach dem Picknick ihren Traumberuf?""",j,1_everday_pseudo,Latendit,Flugkörper,everyday
D,everyday_pseudo,"""Die kleine Annalena *saß auf dem Boden*ihres Kinderzimmers,*umgeben von Büchern.<br>Ihre Eltern hatten sie*ins Bett geschickt,*aber Annalena wollte*noch ein wenig<br>in den Büchern schmökern.*Noch konnte sie*nur wenige Wörter lesen,<br>aber zum Glück*hatten ihre Bücher*auch viele Bilder.<br>Am besten*gefiel ihr*eine Lamisse*auf der vorletzten*Seite des Buches.<br>Auf der Zeichnung*war*ein Garten*abgebildet,*der sehr detailliert*gestaltet war.<br>Das nächste Buch*handelte von Prinzessinnen.*Sie beschloss,*in ihrem Schrank*nach ihrem<br>Prinzessinnenkleid*zu suchen,*um sich zu verkleiden.*Aber gerade*als sie es gefunden hatte,<br>hörte sie*die Schritte ihrer Mutter.*Schnell löschte sie das Licht*und sprang ins Bett.<br>Ihre Mutter öffnete*die Tür einen Spalt*und schloss sie dann wieder.""",1,"""Ist Annalena nach dem Lesen gleich ins Bett gegangen?""",f,5_everday_pseudo,Lamisse,Garten,everyday
D,scientific_pseudo,"""Die Geologin Dr. Wagner*reiste diese Woche*zum ersten Mal nach Hawaii,*um im Auftrag<br>eines privaten Käufers*nach wertvollen Objekten zu suchen.*Nach der Untersuchung<br>der lokalen Formationen*und der Entnahme*von Proben*besuchte sie<br>das nahe gelegene Museum*in Honolulu,*das eine Sammlung*kultureller Wertgüter zeigte.<br>In einer*schönen Vitrine war*ein Ziahont*ausgestellt,*der besonders*groß war.<br>Interessiert*betrachteten sie*den Schliff*und machte sich*Notizen.<br>Der Fundort*war eine abgelegene Mine*in der Nähe des Dorfes.<br>Dr. Wagner wusste,*dass ihr Chef*sehr interessiert sein würde<br>und machte dem Museum*großzügige Angebote,*die aber alle*abgelehnt wurden.<br>Frustriert verließ Dr. Wagner*das Museum*und machte einen Anruf*an ihren Auftraggeber.""",1,"""Akzeptierte das Museum das Kaufangebot?""",f,13_scientific_pseudo,Ziahont,Schliff,Geologie
D,scientific_pseudo,"""Im dem Notfallraum *eines Krankenhauses*herrschte geschäftiges Treiben.<br>Ärzte und Krankenschwestern*eilten von einem Patientenzimmer*zum anderen.<br>Gegen Mitternacht*wurde ein Patient*hereingebracht,*der unter starken Schmerzen<br>zu leiden schien.*Dr. Belau übernahm die Operation*als leitender Chirurg.<br>Er erkannte*das Problem*und*griff nach*der Finnatte*auf dem Tisch*neben ihm.<br>Die Arbeit*erforderte*die Präzision*eines Experten.*Die Operation*verlief erfolgreich,<br>und der Patient*konnte schon nach kurzem*wieder entlassen werden.<br>Dr. Belau arbeitete*bis fünf Uhr morgens,*bevor er erschöpft ins Bett fiel.<br>Er wusste,*dass er sich*auf den morgigen Arbeitstag*vorbereiten musste,<br>denn das Wohlbefinden*der Patienten*hatten für ihn oberste Priorität.""",1,"""Hat Dr. Belau bis fünf Uhr morgens gearbeitet?""",j,19_scientific_pseudo,Finnatte,Präzision,Chirurgie
E,everyday_real,"""An ihrem zehnten Hochzeitstag*beschlossen Mark und Klara,*sich mit großen Geschenken<br>zu verwöhnen.*Gemeinsam gingen sie*auf eine Einkaufstour.*Ihre erste Station<br>war ein Antiquitätengeschäft,*in dem sie*für Mark*eine seltene,*alte Uhr fanden.<br>Sie kauften die Uhr*und besuchten*als Nächstes*den örtlichen Juwelier.<br>In einer*schönen*Vitrine war*ein Kristall*ausgestellt,*der*eine ganz besondere*Farbe*hatte.<br>Interessiert*betrachteten sie*den Schliff*und sprachen*über die Seltenheit.<br>Mark wollte daraus *einen Anhänger*für Klara*fertigen lassen.*Rechtzeitig zum Hochzeitstag<br>war der Anhänger fertig.*Klara gab Mark die Uhr*und er ihr den Anhänger,*und die beiden<br>schwärmten über*ihre neuen Accessoires.*Sie feierten*erst zu zweit*und wollten am nächsten Tag<br>zu Marks Eltern fahren*um das Wochenende*auf dem Land zu verbringen.""",1,"""Haben Sie mit Freunden gefeiert?""",f,14_everyday_real,Kristall,Schliff,everyday
E,everyday_real,"""An einem verregneten Sonntagnachmittag*schlüpften Jakob*und sein kleiner Sohn<br>in Gummistiefel*und Regenjacke,*um den Garten*gemeinsam zu erkunden.<br>Im Regen*kamen einige Insekten*hervor,*die sich sonst*unter der Erde*versteckten.<br>Sie sammelten Pflanzen*und kleine Käfer*und brachten sie*ins Haus.<br>Aus der Schublade*holten sie*ein Mikroskop*und stellten es*auf den Tisch.<br>Sorgfältig justierten*sie*die Schärfe*und schauten*konzentriert*auf die Details.<br>Einige der Käfer*hatten kleine Härchen*und lustige Füße,<br>die seinen Sohn*in Staunen versetzten.*Nachdem sie alle Käfer*untersucht hatten,<br>ließen sie die Käfer*wieder frei.*Jakob erklärte seinem Sohn,*dass sie nicht zu lange<br>in den Behältern*bleiben sollten,*da sie in die Freiheit gehörten.""",1,"""Haben sie im Garten Müll gesammelt?""",f,20_everyday_real,Mikroskop,Schärfe,everyday
E,scientific_real,"""Professor Harris führte*seinen Biologiekurs*über den Campus.*Er war ein Verfechter<br>des praktischen Lernens*und stolz darauf,*seine Studenten aktiv*in den Unterricht<br>einzubeziehen.*Sein Unterricht war sehr interaktiv*und er ermutigte*seine Studenten,<br>Fragen zu stellen.*Während des Rundgangs*hielt Professor Harris*schließlich an.<br>Die Studenten*hatten sich*um*eine Orchidee*versammelt*und*betrachteten sie.<br>Sie befand sich*in der Mitte*vom Garten*und wirkte*sehr anmutig.<br>Professor Harris forderte*eine Studentin auf,*den lateinischen Namen zu nennen,<br>worauf hektisches Blättern*in ihrem Lehrbuch*und eine zittrige Antwort folgten.<br>Glücklicherweise*lag sie richtig*und wurde von Professor Harris*für die Antwort gelobt.<br>Die Gruppe ging weiter*zur nächsten Anlage,*wo Bäume standen.""",1,"""Mochte Professor Harris still schweigende Studierende?""",f,6_scientific_real,Orchidee,Garten,Botanik
E,scientific_real,"""Dr. Heinz Bauer war ein Astronom*und genoss heute*eine freie Nacht<br>in seinem Labor*in den Schweizer Alpen.*Er hatte schon die ganze Woche<br>an den Berechnungen*für den theoretischen Teil*seines neuesten Projekts gearbeitet*und war nun<br>endlich fertig.*Er betrachtete*den Himmel*und kniff die Augen*zusammen.<br>Er überlegte,*ob einer der Punkte*ein Asteroid*sein könnte,*und verfolgte ihn*genauer.<br>Er notierte,*welche Ausmaße*eine Kollision*mit der Erde*annehmen könnte.<br>Dr. Bauer beschloss,*die Forschung*an dieser Stelle zu vertiefen*und weitere Daten<br>zu sammeln.*Seine freie Zeit*verbrachte er nun damit,*obsessiv zu messen<br>und seine Beobachtungen festzuhalten.*Er arbeitete*die ganze Nacht durch,*und bald<br>brach der Morgen an.*Er beschloss,*den nächsten Tag*wirklich nicht zu arbeiten.""",1,"""War Dr. Bauers Labor in den Schweizer Alpen?""",j,9_scientific_real,Asteroid,Kollision,Astronomie
E,everyday_pseudo,"""Clara, eine Kinderbuchautorin,*befand sich in einem Wettlauf*gegen die Zeit.<br>Der Abgabetermin*für ihr neuestes Buch*war heute Abend*und Clara<br>hatte noch viel*zu tun.*Sie räumte*ihren Schreibtisch auf,*und packte<br>ihren Laptop aus,*um dort weiterzuschreiben,*wo sie gestern*aufgehört hatte.<br>Sie verbrachte*den ganzen Tag*mit*der Morlaktur*und arbeitete*sehr sorgfältig.<br>Sie bemerkte*erschrocken*einen Fehler*ganz am Ende.*Als die Sonne*langsam unterging,<br>sandte Clara*das finale Manuskript*endlich ab.*Sie seufzte erleichtert auf.<br>Sie war froh,*ihr Projekt*endlich beendet zu haben*und war stolz*auf ihre Arbeit.<br>Sie rief ihre Eltern an*und erzählte ihnen*von ihrem Erfolg.<br>Dann kuschelte sie sich*ins Bett und schlief*schon nach einigen Minuten ein.""",1,"""Schrieb Clara an einem Kinderbuch?""",j,3_everday_pseudo,Morlaktur,Fehler,everyday
E,everyday_pseudo,"""Anna machte gerade eine kurze Pause *von der Gartenarbeit,*als ihr Nachbar,<br>Herr Pfeifer,*vorbeispazierte und sich*zu ihr setzte.*Sie verstanden sich sehr gut.<br>Sie kamen ins Gespräch*über den Teich,*den Anna*vor Kurzem anlegen hat lassen<br>und sie beobachteten*entspannt*die Natur um den Teich herum.<br>Herr Pfeifer*stellte fest,*dass*die Zodelle*besonders*schön und elegant*war.<br> Ihm gefielen*vor allem*die Flügel*die anmutig*in der Sonne*schimmerten.<br>Anna stimmte ihm*freudig zu,*und war froh,*dass sich die Anlage*so lohnte.<br>Als nächstes*überlegte sie,*ein paar Fische zu kaufen,*die in dem Teich<br>leben könnten.*Herr Pfeifer,*der lange Fische gehalten hat,*konnte sie<br>hierzu beraten.*Er empfahl ihr,*eine sehr resistente Fischart zu kaufen.""",1,"""Überlegte Anna Enten für den Teich zu kaufen?""",f,11_everday_pseudo,Zodelle,Flügel,everyday
E,scientific_pseudo,"""Die Archäologen*Dr. Rebekka Dawson und Dr. Samuel Turner*waren auf die Erforschung<br>vergangener Kulturen spezialisiert.*Sie standen*vor einer neu entdeckten<br>archäologischen Ausgrabungsstätte*tief im Dschungel Südamerikas.<br>Bei der Erkundung der Stätte*fand Dr. Dawson*eine relativ*gut erhaltene*Skulptur.<br>Der Sockel*der Skulptur war*aus Fornellyn*und bemalt*mit dekorativen Blumen.<br> Das Objekt*erinnerte sie an*das Geschirr*ihrer Tante,*die Sammlerin war.<br>Die Archäologin*zeigte ihrem Partner*den Fund*und deutete*auf die fiiligrane Arbeit.<br>Die Skulptur war*teilweise zerbrochen,*aber die*erkennbaren kunstvollen Details<br>zeugten von einem bemerkenswerten*handwerklichen Können.*Die beiden Archäologen<br>widmeten sich*der sorgfältigen Bergung*und Dokumentation*dieses wertvollen Fundes.""",1,"""Waren sie im Dschungel in Südamerika?""",j,17_scientific_pseudo,Fornellyn,Geschirr,ArchäologieMaterialwissenschaft
E,scientific_pseudo,"""Lilli konnte*kaum noch laufen*vor Schmerzen*und rang nach Luft.*Sie hatte<br>schreckliche Schmerzen*und hoffte verzweifelt auf Hilfe.*Sie quälte sich<br>in die nächste Apotheke,*wo der Apotheker*zu ihr eilte*und sich nach ihren Symptomen<br>erkundigte.*Lili erklärte dem Apotheker*unter Tränen,*wo sie Schmerzen hatte.<br>Er kramte*in der Schublade*nach*einer Lapratte*und wurde*auch gleich fündig.<br> Er gab*ihr für*die Einnahme*ein Glas Wasser.<br>Er half ihr,*sich in den Hinterraum*zu legen,*während er*den Krankenwagen rief.<br>Lilli musste*im Krankenhaus*notoperiert werden,*weil eine Zyste*explodiert war.<br>Die schnelle Reaktion*des Apothekers*rettete ihr Leben.<br>Drei Wochen später*kam Lilli gesund*und mit Blumen*in die Apotheke.""",1,"""War in Lillis Körper eine Zyste geplatzt?""",j,23_scientific_pseudo,Lapratte,Einnahme,Pharmazie
F,everyday_real,"""Frau Hilder hat heute*mit der 7. Klasse*einen Ausflug gemacht.<br>Vor ihnen lagen*viele Attraktionen,*darunter ein malerischer Teich*mit vielen Fischen<br>und ein Schmetterlingshaus.*In der Mittagspause*verlor Frau Hilder eine Gruppe<br>von Schülern*aus den Augen.*Sie suchte sie besorgt*und fand sie*zum Glück wieder.<br>Die Schüler*hatten sich*um*eine Orchidee*versammelt*und betrachteten sie.<br>Sie befand sich*in der Mitte*vom Garten*und wirkte*sehr anmutig.<br>Frau Hilder ermahnte*die Schüler,*die Umgebung nicht mehr allein*zu erkunden,<br>war aber vor allem erleichtert,*die Schüler*wieder gefunden zu haben.<br>Der Ausflug endete*mit einem kleinen Quiz*über die Schmetterlinge,*die sie gesehen hatten.<br>Auf der Rückfahrt sprachen*die Kinder*immer noch über die Schmetterlinge.""",1,"""Beendeten sie die Exkursion mit einem Teichquiz?""",f,6_everyday_real,Orchidee,Garten,everyday
F,everyday_real,"""An einem Sommerabend*lagen Jennifer und ihr Vater*auf dem Rücken im Garten<br>und betrachteten*den funkelnden Sternenhimmel.*Ihr Vater zeigte auf den hellen Mond<br>und erklärte ihr,*dass der Mond von der Sonne*angestrahlt wird*und deshalb<br>so hell leuchtete.*Ihr Vater beobachtete*den Himmel ganz genau.<br>Er überlegte,*ob einer der Punkte*ein Asteroid*sein könnte,*und verfolgte ihn*genauer.<br>Sie diskutierten,*welche Ausmaße*eine Kollision*mit der Erde*annehmen könnte.<br>Am nächsten Abend*wollte Jennifer wieder*mit ihrem Vater*in den Sternenhimmel schauen.<br>Gerührt von der Begeisterung seiner Tochter,* beschloss er,*ein preiswertes Hobbyteleskop<br>zu kaufen,*um seiner Tochter so viel wie möglich*zeigen zu können.<br>Er las mit ihr sogar*ein Buch über*einfach zu erkennende Konstellationen.""",1,"""Kaufte Jennifers Vater ein billiges Hobbyteleskop?""",j,9_everyday_real,Asteroid,Kollision,everyday
F,scientific_real,"""Dr. Fischer und Dr. Weber* zwei angesehene Archäologen,*reisten nach Ägypten,<br>um an einer Ausgrabung*in der Nähe von Luxor*teilzunehmen.*Ihr Ansehen als Experten<br>für die Antike*hatte sie*zu begehrten Forschungspartnern gemacht.*Sie besuchten <br>das nahegelegene Museum,*das interessante Relikte*aus der Pharaonenzeit*beherbergte.<br> In einer*schönen*Vitrine war*ein Kristall*ausgestellt,*der*eine ganz besondere*Farbe*hatte.<br>Interessiert*betrachteten sie*den Schliff*und sprachen*über die Seltenheit.<br>Der Fundort war*ein großes Bergwerk*in der Nähe des Dorfes.*Sie machten dem Museum<br>den Vorschlag,*das Stück für eine große Ausstellung*an das Berliner Museum*zu verleihen,<br>wofür das Stück*in einem Transporter*nach Deutschland*gebracht werden musste.<br>Der Museumsbesitzer war damit*leider nicht einverstanden,*und lehnte ihr Angebot ab.""",1,"""Fanden die Ausgrabungen in Berlin statt?""",f,14_scientific_real,Kristall,Schliff,Geologie
F,scientific_real,"""Im Berliner Labor*für Seuchenbekämpfung*standen Wissenschaftler und Forscher<br>um die Labortische.*Sie diskutierten über Bakterienproben,*um die Ausbreitung<br>einer bedrohlichen Krankheit*einzudämmen.*Dr. Recht,*ein renommierter Epidemiologe,<br>hatte aus seinem Labor*in Köln*eine wichtige Probe*mitgebracht.<br>Aus der Schublade*holten sie*ein Mikroskop*und stellten es*auf den Tisch.<br>Sorgfältig justierten*sie*die Schärfe*und schauten*konzentriert*auf die Details.<br>Leider*stellten sie fest,*dass das Schlimmste*eingetreten war.*Das Bakterium hatte<br>eine unbekannte Mutation entwickelt,*die eine Ausbreitung*der Krankheit*begünstigte.<br>In Panik*machten sich*die Wissenschaftler*sofort an die Arbeit,*um die Auswirkungen<br>dieser Mutation*zu verstehen*und Gegenmaßnahmen zu entwickeln.""",1,"""Haben die Ergebnisse die Wissenschaftlern besorgt?""",j,20_scientific_real,Mikroskop,Schärfe,Epidemologie
F,everyday_pseudo,"""Am Sonntag lud Oma Gisela*ihre Enkelkinder Sophie und Ben*zum Mittagessen ein.<br>Die beiden Geschwister*wurden von verführerischen Düften*aus der Küche empfangen.<br>Giselas Esszimmer*war mit Kunstwerken geschmückt.*Am Rand des Raumes*stand<br>eine majestätische Skulptur,*die Sophie*sehr gut gefiel.<br>Der Sockel*der Skulptur war*aus Fornellyn*und bemalt*mit dekorativen Blumen.<br> Das Objekt*erinnerte sie an*das Geschirr*ihrer Tante,*die Sammlerin war.<br>Zu essen*gab es Braten,*der stundenlang*von Oma Gisela*vorbereitet worden war.<br>Während des leckeren Essens*erzählten die Kinder*von ihren Erlebnissen<br>der vergangenen Woche.*Sophie erzählte*von ihrem Klassenausflug*in den Zoo<br>und Ben berichtete stolz*von seinen Erfolgen*in der Fußballmannschaft.""",1,"""War Sophie mit der Klasse im Zoo gewesen?""",j,17_everday_pseudo,Fornellyn,Geschirr,everyday
F,everyday_pseudo,"""Lilli wachte um vier Uhr morgens*mit Kopfschmerzen auf*und stöhnte genervt.<br>Sie fühlte sich schwach,*weshalb sie ihren Partner Eric*aufweckte.<br>Der legte seine Hand*auf ihre Stirn,*um zu überprüfen,*ob sie Fieber hatte.<br>Eric ging ins Badezimmer*und öffnete*die Schublade*des Badezimmerschranks.<br>Er kramte*in der Schublade*nach*einer Lapratte*und wurde*auch gleich fündig.<br> Er gab*ihr für*die Einnahme*ein Glas Wasser.*Als sie*am nächsten Mittag*aufwachte,<br>fühlte sie sich*schon etwas besser.*Eric hatte in der Küche<br>Hühnerbrühe gekocht*und brachte ihr*eine wohlriechende,*noch dampfende Schüssel*ans Bett.<br>Lilli lächelte*und freute sich,*dass sie*so gut versorgt wurde.<br>Ihr ging es*schon viel besser*und sie war dankbar für Eric.""",1,"""Kochte Eric für Lilli eine Hühnerbrühe?""",j,23_everday_pseudo,Lapratte,Einnahme,everyday
F,scientific_pseudo,"""Dr. Peters betrat ihr Labor*noch bevor die Sonne aufging.*Sie arbeite gerade<br>an der letzten Phase ihres Projekts*und war gestresst.*Sie öffnete*die Auswertung<br>als der Monitor*plötzlich seltsame Abweichungen*in den Graphen anzeigte.<br>Panik machte sich*in ihr breit,*doch sie wusste,*dass sie keine Zeit*verlieren durfte.<br>Sie verbrachte*den ganzen Tag*mit*der Morlaktur*und arbeitete*sehr sorgfältig.<br>Sie bemerkte*einen Fehler*ganz am Ende.*Die Daten*stimmten endlich.<br>Sie arbeitete*noch zwei Stunden*an der Interpretation der Daten.<br>Erschöpft, aber zufrieden*mit ihrer Arbeit,*verließ sie das Labor.<br>Die Nacht war*schon angebrochen*und sie konnte es kaum erwarten<br>zuhause zu sein.*Ihr Mann war zum Glück gekommen,*um sie abzuholen.""",1,"""Arbeitete Dr. Peters an diesem Tag nur wenig?""",f,3_scientific_pseudo,Morlaktur,Fehler,Datenwissenschaft
F,scientific_pseudo,"""Zwei Experten auf dem Gebiet*der Muskelphysiologie,*Professor Müller<br>und sein Kollege Dr. Schneider,*trafen sich in einem Forschungslabor,<br>um ihre neuesten Erkenntnisse*zu diskutieren.*Während sie*einige Studien*durchgingen,<br>kamen sie auf die*ihrer Meinung nach*beeindruckendsten Muskelstrukturen*zu sprechen.<br>Professor Müller*stellte fest,*dass*die Zodelle*besonders*schön und elegant*war.<br> Ihm gefielen*vor allem*die Flügel*die anmutig*in der Sonne*schimmerten.<br>Dr. Schneider*nickte und schwärmte davon,*wie ihre Muskeln*nicht nur*für den Flug,*sondern auch<br>für andere wichtige Funktionen*wie Nahrungsaufnahme*und Fortbewegung<br>entscheidend sind.*Diese Anpassungen seien*ein erstaunliches Schauspiel.<br>Die beiden verbrachten*den ganzen restlichen Tag*mit ihren Diskussionen.""",1,"""Haben die beiden über Fortpflanzungsmethoden gesprochen?""",f,11_scientific_pseudo,Zodelle,Flügel,Biologie
G,everyday_real,"""Clara, eine Kinderbuchautorin,*befand sich in einem Wettlauf*gegen die Zeit.<br>Der Abgabetermin*für ihr neuestes Buch*war heute Abend*und Clara<br>hatte noch viel*zu tun.*Sie räumte*ihren Schreibtisch auf,*und packte<br>ihren Laptop aus,*um dort weiterzuschreiben,*wo sie gestern*aufgehört hatte.<br>Sie verbrachte*den ganzen Tag*mit*der Korrektur*und arbeitete*sehr sorgfältig.<br>Sie bemerkte*erschrocken*einen Fehler*ganz am Ende.*Als die Sonne*langsam unterging,<br>sandte Clara*das finale Manuskript*endlich ab.*Sie seufzte erleichtert auf.<br>Sie war froh,*ihr Projekt*endlich beendet zu haben*und war stolz*auf ihre Arbeit.<br>Sie rief ihre Eltern an*und erzählte ihnen*von ihrem Erfolg.<br>Dann kuschelte sie sich*ins Bett und schlief*schon nach einigen Minuten ein.""",1,"""Schrieb Clara einen wissenschaftlichen Artikel?""",f,3_everyday_real,Korrektur,Fehler,everyday
G,everyday_real,"""Anna machte gerade eine kurze Pause *von der Gartenarbeit,*als ihr Nachbar,<br>Herr Pfeifer,*vorbeispazierte und sich*zu ihr setzte.*Sie verstanden sich sehr gut.<br>Sie kamen ins Gespräch*über den Teich,*den Anna*vor Kurzem anlegen hat lassen<br>und sie beobachteten*entspannt*die Natur um den Teich herum.<br>Herr Pfeifer*stellte fest,*dass*die Libelle*besonders*schön und elegant*war.<br> Ihm gefielen*vor allem*die Flügel*die anmutig*in der Sonne*schimmerten.<br>Anna stimmte ihm*freudig zu,*und war froh,*dass sich die Anlage*so lohnte.<br>Als nächstes*überlegte sie,*ein paar Fische zu kaufen,*die in dem Teich<br>leben könnten.*Herr Pfeifer,*der lange Fische gehalten hat,*konnte sie<br>hierzu beraten.*Er empfahl ihr,*eine sehr resistente Fischart zu kaufen.""",1,"""Überlegte Anna Enten für den Teich zu kaufen?""",f,11_everyday_real,Libelle,Flügel,everyday
G,scientific_real,"""Die Archäologen*Dr. Rebekka Dawson und Dr. Samuel Turner*waren auf die Erforschung<br>vergangener Kulturen spezialisiert.*Sie standen*vor einer neu entdeckten<br>archäologischen Ausgrabungsstätte*tief im Dschungel Südamerikas.<br>Bei der Erkundung der Stätte*fand Dr. Dawson*eine relativ*gut erhaltene*Skulptur.<br>Der Sockel*der Skulptur war*aus Porzellan*und bemalt*mit dekorativen Blumen.<br> Das Objekt*erinnerte sie an*das Geschirr*ihrer Tante,*die Sammlerin war.<br>Die Archäologin*zeigte ihrem Partner*den Fund*und deutete*auf die fiiligrane Arbeit.<br>Die Skulptur war*teilweise zerbrochen,*aber die*erkennbaren kunstvollen Details<br>zeugten von einem bemerkenswerten*handwerklichen Können.*Die beiden Archäologen<br>widmeten sich*der sorgfältigen Bergung*und Dokumentation*dieses wertvollen Fundes.""",1,"""Waren sie im Dschungel in Südamerika?""",j,17_scientific_real,Porzellan,Geschirr,ArchäologieMaterialwissenschaft
G,scientific_real,"""Lilli konnte*kaum noch laufen*vor Schmerzen*und rang nach Luft.*Sie hatte<br>schreckliche Schmerzen*und hoffte verzweifelt auf Hilfe.*Sie quälte sich<br>in die nächste Apotheke,*wo der Apotheker*zu ihr eilte*und sich nach ihren Symptomen<br>erkundigte.*Lili erklärte dem Apotheker*unter Tränen,*wo sie Schmerzen hatte.<br>Er kramte*in der Schublade*nach*einer Tablette*und wurde*auch gleich fündig.<br> Er gab*ihr für*die Einnahme*ein Glas Wasser.<br>Er half ihr,*sich in den Hinterraum*zu legen,*während er*den Krankenwagen rief.<br>Lilli musste*im Krankenhaus*notoperiert werden,*weil eine Zyste*explodiert war.<br>Die schnelle Reaktion*des Apothekers*rettete ihr Leben.<br>Drei Wochen später*kam Lilli gesund*und mit Blumen*in die Apotheke.""",1,"""War in Lillis Körper eine Zyste geplatzt?""",j,23_scientific_real,Tablette,Einnahme,Pharmazie
G,everyday_pseudo,"""An ihrem zehnten Hochzeitstag*beschlossen Mark und Klara,*sich mit großen Geschenken<br>zu verwöhnen.*Gemeinsam gingen sie*auf eine Einkaufstour.*Ihre erste Station<br>war ein Antiquitätengeschäft,*in dem sie*für Mark*eine seltene,*alte Uhr fanden.<br>Sie kauften die Uhr*und besuchten*als Nächstes*den örtlichen Juwelier.<br>In einer*schönen*Vitrine war*ein Plästall*ausgestellt,*der*eine ganz besondere*Farbe*hatte.<br>Interessiert*betrachteten sie*den Schliff*und sprachen*über die Seltenheit.<br>Mark wollte daraus *einen Anhänger*für Klara*fertigen lassen.*Rechtzeitig zum Hochzeitstag<br>war der Anhänger fertig.*Klara gab Mark die Uhr*und er ihr den Anhänger,*und die beiden<br>schwärmten über*ihre neuen Accessoires.*Sie feierten*erst zu zweit*und wollten am nächsten Tag<br>zu Marks Eltern fahren*um das Wochenende*auf dem Land zu verbringen.""",1,"""Haben Sie mit Freunden gefeiert?""",f,14_everday_pseudo,Plästall,Schliff,everyday
G,everyday_pseudo,"""An einem verregneten Sonntagnachmittag*schlüpften Jakob*und sein kleiner Sohn<br>in Gummistiefel*und Regenjacke,*um den Garten*gemeinsam zu erkunden.<br>Im Regen*kamen einige Insekten*hervor,*die sich sonst*unter der Erde*versteckten.<br>Sie sammelten Pflanzen*und kleine Käfer*und brachten sie*ins Haus.<br>Aus der Schublade*holten sie*ein Mifrophox*und stellten es*auf den Tisch.<br>Sorgfältig justierten*sie*die Schärfe*und schauten*konzentriert*auf die Details.<br>Einige der Käfer*hatten kleine Härchen*und lustige Füße,<br>die seinen Sohn*in Staunen versetzten.*Nachdem sie alle Käfer*untersucht hatten,<br>ließen sie die Käfer*wieder frei.*Jakob erklärte seinem Sohn,*dass sie nicht zu lange<br>in den Behältern*bleiben sollten,*da sie in die Freiheit gehörten.""",1,"""Haben sie im Garten Pflanzen gesammelt?""",j,20_everday_pseudo,Mifrophox,Schärfe,everyday
G,scientific_pseudo,"""Professor Harris führte*seinen Biologiekurs*über den Campus.*Er war ein Verfechter<br>des praktischen Lernens*und stolz darauf,*seine Studenten aktiv*in den Unterricht<br>einzubeziehen.*Sein Unterricht war sehr interaktiv*und er ermutigte*seine Studenten,<br>Fragen zu stellen.*Während des Rundgangs*hielt Professor Harris*schließlich an.<br>Die Studenten*hatten sich*um*eine Exglinie*versammelt*und*betrachteten sie.<br>Sie befand sich*in der Mitte*vom Garten*und wirkte*sehr anmutig.<br>Professor Harris forderte*eine Studentin auf,*den lateinischen Namen zu nennen,<br>worauf hektisches Blättern*in ihrem Lehrbuch*und eine zittrige Antwort folgten.<br>Glücklicherweise*lag sie richtig*und wurde von Professor Harris*für die Antwort gelobt.<br>Die Gruppe ging weiter*zur nächsten Anlage,*wo Bäume standen.""",1,"""Mochte Professor Harris still schweigende Studierende?""",f,6_scientific_pseudo,Exglinie,Garten,Botanik
G,scientific_pseudo,"""Dr. Heinz Bauer war ein Astronom*und genoss heute*eine freie Nacht<br>in seinem Labor*in den Schweizer Alpen.*Er hatte schon die ganze Woche<br>an den Berechnungen*für den theoretischen Teil*seines neuesten Projekts gearbeitet*und war nun<br>endlich fertig.*Er betrachtete*den Himmel*und kniff die Augen*zusammen.<br>Er überlegte,*ob einer der Punkte*ein Exdetoik*sein könnte,*und verfolgte ihn*genauer.<br>Er notierte,*welche Ausmaße*eine Kollision*mit der Erde*annehmen könnte.<br>Dr. Bauer beschloss,*die Forschung*an dieser Stelle zu vertiefen*und weitere Daten<br>zu sammeln.*Seine freie Zeit*verbrachte er nun damit,*obsessiv zu messen<br>und seine Beobachtungen festzuhalten.*Er arbeitete*die ganze Nacht durch,*und bald<br>brach der Morgen an.*Er beschloss,*den nächsten Tag*wirklich nicht zu arbeiten.""",1,"""War Dr. Bauers Labor in den Schweizer Alpen?""",j,9_scientific_pseudo,Exdetoik,Kollision,Astronomie
H,everyday_real,"""Am Sonntag lud Oma Gisela*ihre Enkelkinder Sophie und Ben*zum Mittagessen ein.<br>Die beiden Geschwister*wurden von verführerischen Düften*aus der Küche empfangen.<br>Giselas Esszimmer*war mit Kunstwerken geschmückt.*Am Rand des Raumes*stand<br>eine majestätische Skulptur,*die Sophie*sehr gut gefiel.<br>Der Sockel*der Skulptur war*aus Porzellan*und bemalt*mit dekorativen Blumen.<br> Das Objekt*erinnerte sie an*das Geschirr*ihrer Tante,*die Sammlerin war.<br>Zu essen*gab es Braten,*der stundenlang*von Oma Gisela*vorbereitet worden war.<br>Während des leckeren Essens*erzählten die Kinder*von ihren Erlebnissen<br>der vergangenen Woche.*Sophie erzählte*von ihrem Klassenausflug*in den Zoo<br>und Ben berichtete stolz*von seinen Erfolgen*in der Fußballmannschaft.""",1,"""War Sophie mit der Klasse im Zoo gewesen?""",j,17_everyday_real,Porzellan,Geschirr,everyday
H,everyday_real,"""Lilli wachte um vier Uhr morgens*mit Kopfschmerzen auf*und stöhnte genervt.<br>Sie fühlte sich schwach,*weshalb sie ihren Partner Eric*aufweckte.<br>Der legte seine Hand*auf ihre Stirn,*um zu überprüfen,*ob sie Fieber hatte.<br>Eric ging ins Badezimmer*und öffnete*die Schublade*des Badezimmerschranks.<br>Er kramte*in der Schublade*nach*einer Tablette*und wurde*auch gleich fündig.<br> Er gab*ihr für*die Einnahme*ein Glas Wasser.*Als sie*am nächsten Mittag*aufwachte,<br>fühlte sie sich*schon etwas besser.*Eric hatte in der Küche<br>Hühnerbrühe gekocht*und brachte ihr*eine wohlriechende,*noch dampfende Schüssel*ans Bett.<br>Lilli lächelte*und freute sich,*dass sie*so gut versorgt wurde.<br>Ihr ging es*schon viel besser*und sie war dankbar für Eric.""",1,"""Kochte Eric für Lilli eine Hühnerbrühe?""",j,23_everyday_real,Tablette,Einnahme,everyday
H,scientific_real,"""Dr. Peters betrat ihr Labor*noch bevor die Sonne aufging.*Sie arbeite gerade<br>an der letzten Phase ihres Projekts*und war gestresst.*Sie öffnete*die Auswertung<br>als der Monitor*plötzlich seltsame Abweichungen*in den Graphen anzeigte.<br>Panik machte sich*in ihr breit,*doch sie wusste,*dass sie keine Zeit*verlieren durfte.<br>Sie verbrachte*den ganzen Tag*mit*der Korrektur*und arbeitete*sehr sorgfältig.<br>Sie bemerkte*einen Fehler*ganz am Ende.*Die Daten*stimmten endlich.<br>Sie arbeitete*noch zwei Stunden*an der Interpretation der Daten.<br>Erschöpft, aber zufrieden*mit ihrer Arbeit,*verließ sie das Labor.<br>Die Nacht war*schon angebrochen*und sie konnte es kaum erwarten<br>zuhause zu sein.*Ihr Mann war zum Glück gekommen,*um sie abzuholen.""",1,"""Arbeitete Dr. Peters an diesem Tag nur wenig?""",f,3_scientific_real,Korrektur,Fehler,Datenwissenschaft
H,scientific_real,"""Zwei Experten auf dem Gebiet*der Muskelphysiologie,*Professor Müller<br>und sein Kollege Dr. Schneider,*trafen sich in einem Forschungslabor,<br>um ihre neuesten Erkenntnisse*zu diskutieren.*Während sie*einige Studien*durchgingen,<br>kamen sie auf die*ihrer Meinung nach*beeindruckendsten Muskelstrukturen*zu sprechen.<br>Professor Müller*stellte fest,*dass*die Libelle*besonders*schön und elegant*war.<br> Ihm gefielen*vor allem*die Flügel*die anmutig*in der Sonne*schimmerten.<br>Dr. Schneider*nickte und schwärmte davon,*wie ihre Muskeln*nicht nur*für den Flug,*sondern auch<br>für andere wichtige Funktionen*wie Nahrungsaufnahme*und Fortbewegung<br>entscheidend sind.*Diese Anpassungen seien*ein erstaunliches Schauspiel.<br>Die beiden verbrachten*den ganzen restlichen Tag*mit ihren Diskussionen.""",1,"""Haben die beiden über Fortpflanzungsmethoden gesprochen?""",f,11_scientific_real,Libelle,Flügel,Biologie
H,everyday_pseudo,"""Frau Hilder hat heute*mit der 7. Klasse*einen Ausflug gemacht.<br>Vor ihnen lagen*viele Attraktionen,*darunter ein malerischer Teich*mit vielen Fischen<br>und ein Schmetterlingshaus.*In der Mittagspause*verlor Frau Hilder eine Gruppe<br>von Schülern*aus den Augen.*Sie suchte sie besorgt*und fand sie*zum Glück wieder.<br>Die Schüler*hatten sich*um*eine Exglinie*versammelt*und betrachteten sie.<br>Sie befand sich*in der Mitte*vom Garten*und wirkte*sehr anmutig.<br>Frau Hilder ermahnte*die Schüler,*die Umgebung nicht mehr allein*zu erkunden,<br>war aber vor allem erleichtert,*die Schüler*wieder gefunden zu haben.<br>Der Ausflug endete*mit einem kleinen Quiz*über die Schmetterlinge,*die sie gesehen hatten.<br>Auf der Rückfahrt sprachen*die Kinder*immer noch über die Schmetterlinge.""",1,"""Beendeten sie die Exkursion mit einem Quiz über Schmetterlinge?""",j,6_everday_pseudo,Exglinie,Garten,everyday
H,everyday_pseudo,"""An einem Sommerabend*lagen Jennifer und ihr Vater*auf dem Rücken im Garten<br>und betrachteten*den funkelnden Sternenhimmel.*Ihr Vater zeigte auf den hellen Mond<br>und erklärte ihr,*dass der Mond von der Sonne*angestrahlt wird*und deshalb<br>so hell leuchtete.*Ihr Vater beobachtete*den Himmel ganz genau.<br>Er überlegte,*ob einer der Punkte*ein Exdetoik*sein könnte,*und verfolgte ihn*genauer.<br>Sie diskutierten,*welche Ausmaße*eine Kollision*mit der Erde*annehmen könnte.<br>Am nächsten Abend*wollte Jennifer wieder*mit ihrem Vater*in den Sternenhimmel schauen.<br>Gerührt von der Begeisterung seiner Tochter,* beschloss er,*ein preiswertes Hobbyteleskop<br>zu kaufen,*um seiner Tochter so viel wie möglich*zeigen zu können.<br>Er las mit ihr sogar*ein Buch über*einfach zu erkennende Konstellationen.""",1,Kaufte Jennifers Vater ein billiges Hobbyteleskop?,j,9_everday_pseudo,Exdetoik,Kollision,everyday
H,scientific_pseudo,"""Dr. Fischer und Dr. Weber* zwei angesehene Archäologen,*reisten nach Ägypten,<br>um an einer Ausgrabung*in der Nähe von Luxor*teilzunehmen.*Ihr Ansehen als Experten<br>für die Antike*hatte sie*zu begehrten Forschungspartnern gemacht.*Sie besuchten <br>das nahegelegene Museum,*das interessante Relikte*aus der Pharaonenzeit*beherbergte.<br> In einer*schönen*Vitrine war*ein Plästall*ausgestellt,*der*eine ganz besondere*Farbe*hatte.<br>Interessiert*betrachteten sie*den Schliff*und sprachen*über die Seltenheit.<br>Der Fundort war*ein großes Bergwerk*in der Nähe des Dorfes.*Sie machten dem Museum<br>den Vorschlag,*das Stück für eine große Ausstellung*an das Berliner Museum*zu verleihen,<br>wofür das Stück*in einem Transporter*nach Deutschland*gebracht werden musste.<br>Der Museumsbesitzer war damit*leider nicht einverstanden,*und lehnte ihr Angebot ab.""",1,"""Fanden die Ausgrabungen in Berlin statt?""",f,14_scientific_pseudo,Plästall,Schliff,Geologie
H,scientific_pseudo,"""Im Berliner Labor*für Seuchenbekämpfung*standen Wissenschaftler und Forscher<br>um die Labortische.*Sie diskutierten über Bakterienproben,*um die Ausbreitung<br>einer bedrohlichen Krankheit*einzudämmen.*Dr. Recht,*ein renommierter Epidemiologe,<br>hatte aus seinem Labor*in Köln*eine wichtige Probe*mitgebracht.<br>Aus der Schublade*holten sie*ein Mifrophox*und stellten es*auf den Tisch.<br>Sorgfältig justierten*sie*die Schärfe*und schauten*konzentriert*auf die Details.<br>Leider*stellten sie fest,*dass das Schlimmste*eingetreten war.*Das Bakterium hatte<br>eine unbekannte Mutation entwickelt,*die eine Ausbreitung*der Krankheit*begünstigte.<br>In Panik*machten sich*die Wissenschaftler*sofort an die Arbeit,*um die Auswirkungen<br>dieser Mutation*zu verstehen*und Gegenmaßnahmen zu entwickeln.""",1,"""Haben die Ergebnisse die Wissenschaftlern beruhigt?""",f,20_scientific_pseudo,Mifrophox,Schärfe,Epidemologie
I,everyday_real,"""Maria und Tom*hatten sich lange*auf ihren Kurzurlaub in Berlin gefreut.*Als sie am Morgen<br>den Zug bestiegen,*war die Aufregung greifbar.*Mittags erreichten sie schließlich*die Stadt<br>und machten sich*auf die Suche*nach ihrer Ferienwohnung.*Die Wegbeschreibung*hatte sie<br>zu einem Gebäude geführt,*dessen Anblick*ihnen fast*den Atem raubte.<br>Entlang*der Vorderseite*erstreckte sich*eine Veranda*und bot einen*weiten Blick*über die Gegend.<br>Sie freuten*sich auf*die Aussicht*von dort*und kramten*nach dem Schlüssel*zum Eintreten.*Sie waren*überrascht,<br>dass ihre*günstige Ferienwohnung*tatsächlich*in diesem*beeindruckenden Gebäude lag.<br>Erschöpft*von der Reise*betraten sie*das Apartment.*Es war gemütlich und einladend.<br>Sie ruhten sich kurz aus,*bevor sie sich*in die*Berliner Innenstadt stürzten.<br>Sie besuchten*den Alexanderplatz*und danach das Brandenburger Tor.""",1,"""Kamen sie zu Mitternacht in der Stadt an?""",f,15_everyday_real,Veranda,Aussicht,everyday
I,everyday_real,"""Inmitten der quirligen Kindergartenkinder*fiel der schüchterne Timmy auf.<br>Die Kindergärtnerin,*Frau Schröder,*beobachtete,*wie Timmy sich zurückzog<br>und sich schwertat,*sich auszudrücken.*Nach Rücksprache mit den Eltern*erfuhr sie<br>von Tims sozialer Angst.*Frau Schröder*war entschlossen,*den Eltern*zu helfen.<br>Sie erzählte*ihnen von*einer Therapie*über die sie*erst vor Kurzem*gelesen hatte.<br>Sie glaubte*fest an*eine Heilung*und hoffte*auf keine Komplikationen.<br>Timmys Eltern*ließen sich genau beraten,*und entschieden sich*schließlich dafür,<br>dem Rat der Kindergärtnerin*zu folgen.*Die Verwandlung war erstaunlich.<br>Timmy begann,*seine Ängste zu überwinden*und wurde aktiver.<br>Frau Schröder war stolz*auf den Fortschritt*und war froh,*dass sie ihm helfen konnte.""",1,"""War Timmy vorher ein zurückgezogenes Kind?""",j,21_everyday_real,Therapie,Heilung,everyday
I,scientific_real,"""Die Ökologin Dr. Zimmermann*und ihr Kollege Dr. Gauer*hatten beschlossen, gemeinsam<br>an einem Forschungsprojekt*zur Biodiversität in verschiedenen Klimazonen*zu arbeiten.<br>Sie unterhielten sich heute*über lokale Schutzmaßnahmen in Deutschland,<br>woraufhin Dr. Gauer*eine mitgebrachte Mappe*öffnete*und etwas hervorholte.<br>In seiner*Hand*hielt er*einen Lavendel*und sie*schaute ihn*überrascht*an.<br>Er*hatte ihn*im Garten*entdeckt*und ihr*geben wollen.<br>Die beiden Ökologen*waren davon überzeugt,*ihr gemeinsames Projekt<br>weiter voranzutreiben*und damit einen Beitrag*zur Erhaltung<br>der heimischen Artenvielfalt zu leisten.*Sie unterhielten sich*für mehrere Stunden<br>und warfen viele Ideen*in den Raum,*die sie unbedingt umsetzen wollten.""",1,"""Arbeiteten sie gemeinsam an einem Forschungsprojekt?""",j,7_scientific_real,Lavendel,Garten,Botanik
I,scientific_real,"""Die Forscherin Dr. Elise Linden*arbeitete in ihrem Labor*in Amsterdam<br>an ihrer Studie über globale Erwärmung.*Gegen Nachmittag*klingelte ihr Handy<br>und sie wurde von ihren Vorgesetzten*zu einer dringenden Besprechung*gerufen.<br>Man hatte in einem Forschungsinstitut*in den USA*nach ihrer Expertise*gefragt.<br>In den USA*war gestern*ein Meteorit*eingeschlagen*dessen Bergung*im Gange war.<br>Sie überlegte,*wie groß*der Krater*sein musste.*Sie entschloss sich,*an der Mission<br>teilzunehmen,*denn sie könnte gleichzeitig*Proben für ihre eigenen Forschungsprojekte<br>sammeln.*Aufgeregt verließ sie*ihr Labor*und eilte nach Hause,*um ihre Koffer zu packen.<br>Der Flug für ihre Reise in die USA*würde bereits morgen früh*um 6 Uhr abheben.<br>Sie konnte vor Aufregung*kaum schlafen,*aber sie saß rechtzeitig im Flugzeug.""",1,"""Flog das Flugzeug erst in einer Woche?""",f,10_scientific_real,Meteorit,Krater,Astronomie
I,everyday_pseudo,"""In der Grundschulklasse*von Frau Metzger*stand die Bastelstunde*auf dem Stundenplan.<br>Die Schülerinnen und Schüler*sollten aus Alltagsmaterialien*eine Windmühle basteln.<br>Bald hatten sie*kleine Windräder*aus Pappe und Plastikflaschen gebaut.<br>Nun fehlte*nur noch Wind,*damit sie*die Windmühlen*testen konnten.<br>Dazu*konnten sie*eine Tastrime*benutzen,*die ihnen*zur Verfügung*gestellt wurde.<br>Einige Schüler*fanden*die Technik*besonders interessant.*Frau Metzger*zeigte ihnen,<br>wie sie ihre Windmühle*testen konnten.*Dann durfte jeder*nach vorne kommen,<br>um seine Windmühle*zu beschreiben*und anschließend*die Funktion vorzuführen.<br>Am Ende wählten sie*per Abstimmung*die beste Windmühle*und baten Frau Metzger,<br>in der nächsten Stunde*einen weiteren Wettbewerb*zu veranstalten.""",1,"""Bastelte die Klasse die Windmühlen aus Pappe und Plastik?""",j,4_everday_pseudo,Tastrime,Technik,everyday
I,everyday_pseudo,"""Die Kindergärtnerinnen Julia und Lena*hatten die Kinder*des örtlichen Kindergartens<br>heute zum Spielen*in den Garten*des öffentlichen Parks *mitgenommen.<br>Der Park war vor kurzem*renoviert worden.*Den Kindern gefiel besonders<br>der neu angelegte Teich*in der Mitte des Parks,*der mehr Tiere*anlocken soll.<br>Sie beobachteten*interessiert*eine Morzesse*und bewunderten*deren Größe.<br>Kurz darauf*hörten sie*ein Summen*und erschraken,*als sie dicht*an ihnen*vorbeizog.<br>Neugierig*erkundeten die Kinder*weiter den Park,*um noch mehr*zu entdecken.<br>Plötzlich gab es*ein lautes Geräusch*und eines der Kinder*fing an zu weinen.<br> Julia rannte in die Richtung*des Geräusches,*wo der kleine Niklas*hingefallen war.<br>Sie setzte sich*mit ihm an den Teich,*und tröstete ihn.""",1,"""War der Park kürzlich renoviert worden?""",j,12_everday_pseudo,Morzesse,Summen,everyday
I,scientific_pseudo,"""Dr. Sina Hoffmann*zeigte Dr. Moritz Becker*im Abstellraum<br>die frisch gelieferten Abzugshauben*für die Chemielabore,*die am Vortag<br>eingetroffen waren.*Da sie nur zwei Abzugshauben benötigte,*bot sie Dr. Becker an,<br>einen Blick*darauf zu werfen.*Er begutachtete sie*sorgfältig.<br>Der Rand*wurde*mit Tilizyn*versiegelt*und anschließend*fein verputzt.<br>Es wurde versichert,*dass*die Abdichtung*sehr präzise*ausgeführt wurde.<br>Dr. Becker hatte*einige Kollegen*über diese Hauben*reden hören,*und war deshalb<br>sehr neugierig.*Er war unzufrieden*mit seiner derzeitigen Laborausstattung,<br>weshalb er dankend zusagte.*Die Abzugshauben sollten*am Abend installiert werden.<br>Am nächsten Tag*war bereits alles fertig*und Dr. Becker war sehr zufrieden.""",1,"""War Dr. Becker mit seiner derzeitigen Ausstattung zufrieden?""",f,18_scientific_pseudo,Tilizyn,Abdichtung,ChemieMaterialwissenschaft
I,scientific_pseudo,"""Dr. Schulz war Notfallchirurg*und hatte heute*eine Nachtschicht vor sich.<br> Kurz nach Mitternacht*wurde ein junger Mann eingeliefert,<br>der in einen schweren Autounfall*verwickelt war.*Sie operierten*vier Stunden lang,<br>bis der Patient wieder*in einem stabilen Zustand*war.<br>Da immer noch*die Möglichkeit*einer Irhaption*bestand,*wurde er*sorgfältig überwacht.<br>Sie wollten*es verhindern,*dass*ein Antibiotikum*eingesetzt*werden müsste.<br>Die Familie*des Patienten*wurde bereits*vom Krankenhaus kontaktiert<br>und sie wartete besorgt*im Wartezimmer*auf Neuigkeiten über ihr Familienmitglied.<br>Dr. Schulz traf die Familie*und übergab ihnen*die guten Nachrichten.<br>Der Patient*war bald wieder*auf dem Weg der Besserung.""",1,"""Ist der junge Mann nachmittags hospitalisiert worden?""",f,24_scientific_pseudo,Irhaption,Antibiotikum,Chirurgie
J,everyday_real,"""Franziska saß entspannt im Wohnzimmer*und genoss ihr Buch,*als ihr Sohn Daniel<br>mit braunen Handflächen*und Dreck im Gesicht*vom Spielplatz zurückkehrte.<br>Etwas genervt bemerkte Franziska,*wie Daniel den Sand*aus dem Sandkasten*im Haus verteilte.<br>Sie bat Daniel*kurz draußen zu warten.*Da stupste*Daniel*seine Mutter an.<br>In seiner*Hand*hielt er*einen Lavendel*und sie*schaute ihn*überrascht*an.<br>Er*hatte ihn*im Garten*entdeckt*und ihr*geben wollen.<br> Deren Ärger*verflog schnell*und sie stand auf,*um ihren Sohn*vor der Tür<br>vom Sand*zu befreien.*Daniel schien den ganzen Sandkasten*mitgenommen zu haben.<br>Danach sprang Daniel*unter die Dusche*und war bald wieder sauber.<br>Franziska setzte sich*wieder ins Wohnzimmer*und las weiter.""",1,"""Saß Franziska im Wohnzimmer und las?""",j,7_everyday_real,Lavendel,Garten,everyday
J,everyday_real,"""David saß abends nach der Arbeit*in seinem Sessel im Wohnzimmer*und schaltete müde<br>zwischen den Fernsehkanälen*hin und her.*Kurz ließ er*einen Zeichentrickfilm laufen,<br>in dem eine Freundesgruppe*Abenteuer erlebte,*aber seine Gedanken wanderten<br>immer wieder zur Arbeit.*Als er wieder umschaltete,*sah er*eine Sondermeldung.<br>In den USA*war gestern*ein Meteorit*eingeschlagen*dessen Bergung*im Gange war.<br> Er überlegte,*wie groß*der Krater*sein musste.*Schließlich legte er*die Fernbedienung<br>beiseite und beschloss,*nach draußen zu gehen.*Ein Spaziergang war*genau das Richtige,<br>um den Kopf freizubekommen*und die Sorgen über die Arbeit*für den Moment zu vergessen.<br>Die frische Luft und Naturgeräusche halfen ihm,*sich zu beruhigen*und Energie zu tanken.<br>Er fühlte sich*schon viel besser*und konnte endlich abschalten.""",1,"""Schaute David den Zeichentrickfilm lange an?""",f,10_everyday_real,Meteorit,Krater,everyday
J,scientific_real,"""In einem Viertel,*das für seine beeindruckende Architektur*bekannt war,*waren die beiden<br>befreundeten Kunstkritiker*Emma und Daniel*schon eine Weile unterwegs.*Sie sollten <br>einen Artikel*über die kulturelle Bedeutung*der Gebäude*schreiben.<br>Besonders gefiel ihnen*ein altes Herrenhaus,*das sich*von den anderen Häusern abhob.<br>Entlang*der Vorderseite*erstreckte sich*eine Veranda*und bot einen*weiten Blick*über die Gegend.<br>Sie freuten*sich auf*die Aussicht*von dort*und kramten*nach dem Schlüssel*zum Eintreten.<br>Die filigranen Säulen*und das Geländer*verliehen dem Gebäude*eine majestätische Aura.<br>Sie schrieben*über die kunstvollen Fresken im Inneren*und die Geschichten über<br>die berühmten Persönlichkeiten,*die einst in diesem Herrenhaus*gelebt hatten.<br>Der Artikel war*ein voller Erfolg*und fand viel Anklang*bei der Leserschaft.""",1,"""Ging es in dem Artikel um die hässlichsten Häuser der Stadt?""",f,15_scientific_real,Veranda,Aussicht,Architektur
J,scientific_real,"""Dr. Schröder,*eine Rheumatologin,*betrat das Krankenzimmer,*in dem ein Patient<br>namens Bastian*mit seinen Eltern saß.*Er hatte seit Wochen*mit starken Gelenkschmerzen<br>und Schwellungen zu kämpfen.*Dr. Schröder führte*eine körperliche Untersuchung durch.<br>Sie stellte fest,*dass Bastian*an einem seltenen,*aber schweren Gelenkleiden litt.<br>Sie erzählte*ihnen von*einer Therapie*über die sie*erst vor Kurzem*gelesen hatte.<br>Sie glaubte*fest an*eine Heilung*und hoffte*auf keine Komplikationen.<br>In den*folgenden Wochen*begannen seine Schmerzen*nachzulassen.<br>Dr. Schröder war erleichtert,*dass er*auf dem Weg der Besserung war,*und Bastian<br>war dankbar*für ihre Sorgfalt und Expertise*bei der Diagnose*seiner Erkrankung.<br>Auch seine Eltern*waren sehr erleichtert*und bedankten sich.""",1,"""Hatte Bastian Schwellungen am Körper?""",j,21_scientific_real,Therapie,Heilung,Rheumatologie
J,everyday_pseudo,"""Am Sonntag lud Oma Hilde*ihre Enkelkinder Sophie und Ben*zum Mittagessen ein.<br>Die beiden Geschwister*wurden von verführerischen Düften*aus der Küche empfangen.<br>Es war das erste Mal*seit der Renovierung,*dass die Enkel zu Besuch kamen.<br>Vorher gab es Probleme*mit den alten Fenstern,*durch die immer*kalter Wind zog.<br>Der Rand*wurde*mit Tilizyn*versiegelt*und anschließend*fein verputzt.<br>Es wurde versichert,*dass*die Abdichtung*sehr präzise*ausgeführt wurde.*Hilde hoffte,<br>dass die Heizkosten*nun sinken würden.*Die Kinder setzten sich*an den Tisch<br>und jubelten,*als ihre Oma eine Roulade enthüllte.*Nach dem Essen*halfen sie.<br>ihrer Oma,*den Tisch abzuräumen*und gingen dann*in den Garten,*um zu spielen. <br>Ihre Oma*machte das Geschirr*und beobachtete die beiden*durch das Fenster.""",1,"""Hat Oma Hilde für ihre Enkel Brathähnchen gemacht?""",f,18_everday_pseudo,Tilizyn,Abdichtung,everyday
J,everyday_pseudo,"""Felix und Tom verbrachten*den sonnigen Nachmittag*mit Inline-Skaten<br>im nahegelegenen Park.*Tom versuchte,*eine gewagte Kurve zu nehmen,*doch er stürzte.<br> Felix half ihm auf*und sie eilten*zu Toms Eltern,*die in der Nähe picknickten.<br>Toms Mutter reinigte*die Wunde*mit Desinfektionsmittel*und klebte*ein Pflaster auf.<br>Da immer noch*die Möglichkeit*einer Irhaption*bestand,*wurde er*sorgfältig überwacht.<br>Sie wollte*es verhindern,*dass*ein Antibiotikum*eingesetzt*werden müsste.<br>Langsam,*aber sicher*heilte*die Verletzung*und Tom konnte*schon bald wieder<br>auf seinen Inline-Skates stehen.*Von nun an*zog Tom immer*seine Knieschoner an,<br>und fuhr*nicht mehr so waghalsig.*Am nächsten Tag*spielten Felix und Tom*schon wieder<br>zusammen im Park*und hatten den Unfall vom Vortag*völlig vergessen.""",1,"""Sind Felix und Tom Skateboard gefahren?""",f,24_everday_pseudo,Irhaption,Antibiotikum,everyday
J,scientific_pseudo,"""In Australien forschten*einige Wissenschaftler*an der Entschlüsselung*der genetischen Codes<br>von neu entdeckten Mikroorganismen,*die in den Tiefen der Ozeane *gefunden wurden.<br> Eines Tages*stieß das Team*auf eine unerwartete Gensequenz,<br> die das Potenzial hatte,*Anwendungen*in interessanten Bereichen*zu eröffnen.<br>Dazu*konnten sie*eine Tastrime*benutzen,*die ihnen*zur Verfügung*gestellt wurde.<br>Einige der Kollegen*mochten*die Technik*besonders gerne.<br>Andere beschäftigten sich*mehr mit*den möglichen Folgen*ihrer Arbeit.<br>Nach Monaten*intensiver Forschung*entwickelten sie schließlich*eine Methode <br>zur Energiegewinnung*aus Mikroorganismen.*Ihre Arbeit erregte*große Aufmerksamkeit,<br>und das Team wurde*zu mehreren Konferenzen*über Mikrobiologie eingeladen.""",1,"""Entwickelte das Team eine Methode zur Energiegewinnung?""",j,4_scientific_pseudo,Tastrime,Technik,Mikrobiologie
J,scientific_pseudo,"""Zwei Ökologen,*Dr. Schulz und Professor Schneider,*trafen sich im Unigarten,<br>um bei einem Spaziergang*neueste Erkenntnisse zu diskutieren.<br>Während sie sich*über Dr. Schulz'*neueste Studien unterhielten,*kam das Gespräch<br>auf die ihrer Meinung nach*besten Umweltschutzmaßnahmen,*die umgesetzt werden sollten.<br>Sie beobachteten*interessiert*eine Morzesse*und bewunderten*deren Größe.<br>Kurz darauf*hörten sie*ein Summen*und erschraken,*als sie dicht*an ihnen*vorbeizog.<br>Professor Schneider*musste lachen.*Während sie sich*weiter unterhielten,<br>wechselten sie das Thema*und begannen,*die Auswirkungen des Klimawandels<br>auf die Biodiversität*zu diskutieren.*Die zunehmenden Veränderungen*in der Umwelt<br>erforderten ihrer Meinung nach*dringende Maßnahmen*zum Schutz der Artenvielfalt.“",1,"""Trafen die beiden sich im Unigarten?""",j,12_scientific_pseudo,Morzesse,Summen,Ökologie
K,everyday_real,"""In der Grundschulklasse*von Frau Metzger*stand die Bastelstunde*auf dem Stundenplan.<br>Die Schülerinnen und Schüler*sollten aus Alltagsmaterialien*eine Windmühle basteln.<br>Bald hatten sie*kleine Windräder*aus Pappe und Plastikflaschen gebaut.<br>Nun fehlte*nur noch Wind,*damit sie*die Windmühlen*testen konnten.<br>Dazu*konnten sie*eine Maschine*benutzen,*die ihnen*zur Verfügung*gestellt wurde.<br>Einige Schüler*fanden*die Technik*besonders interessant.*Frau Metzger*zeigte ihnen,<br>wie sie ihre Windmühle*testen konnten.*Dann durfte jeder*nach vorne kommen,<br>um seine Windmühle*zu beschreiben*und anschließend*die Funktion vorzuführen.<br>Am Ende wählten sie*per Abstimmung*die beste Windmühle*und baten Frau Metzger,<br>in der nächsten Stunde*einen weiteren Wettbewerb*zu veranstalten.""",1,"""Bastelte die Klasse die Windmühlen aus Pappe und Plastik?""",j,4_everyday_real,Maschine,Technik,everyday
K,everyday_real,"""Die Kindergärtnerinnen Julia und Lena*hatten die Kinder*des örtlichen Kindergartens<br>heute zum Spielen*in den Garten*des öffentlichen Parks *mitgenommen.<br>Der Park war vor kurzem*renoviert worden.*Den Kindern gefiel besonders<br>der neu angelegte Teich*in der Mitte des Parks,*der mehr Tiere*anlocken soll.<br>Sie beobachteten*interessiert*eine Hornisse*und bewunderten*deren Größe.<br>Kurz darauf*hörten sie*ein Summen*und erschraken,*als sie dicht*an ihnen*vorbeizog.<br>Neugierig*erkundeten die Kinder*weiter den Park,*um noch mehr*zu entdecken.<br>Plötzlich gab es*ein lautes Geräusch*und eines der Kinder*fing an zu weinen.<br> Julia rannte in die Richtung*des Geräusches,*wo der kleine Niklas*hingefallen war.<br>Sie setzte sich*mit ihm an den Teich,*und tröstete ihn.""",1,"""War der Park kürzlich renoviert worden?""",j,12_everyday_real,Hornisse,Summen,everyday
K,scientific_real,"""Dr. Sina Hoffmann*zeigte Dr. Moritz Becker*im Abstellraum<br>die frisch gelieferten Abzugshauben*für die Chemielabore,*die am Vortag<br>eingetroffen waren.*Da sie nur zwei Abzugshauben benötigte,*bot sie Dr. Becker an,<br>einen Blick*darauf zu werfen.*Er begutachtete sie*sorgfältig.<br>Der Rand*wurde*mit Silikon*versiegelt*und anschließend*fein verputzt.<br>Es wurde versichert,*dass*die Abdichtung*sehr präzise*ausgeführt wurde.<br>Dr. Becker hatte*einige Kollegen*über diese Hauben*reden hören,*und war deshalb<br>sehr neugierig.*Er war unzufrieden*mit seiner derzeitigen Laborausstattung,<br>weshalb er dankend zusagte.*Die Abzugshauben sollten*am Abend installiert werden.<br>Am nächsten Tag*war bereits alles fertig*und Dr. Becker war sehr zufrieden.""",1,"""War Dr. Becker mit seiner derzeitigen Ausstattung zufrieden?""",f,18_scientific_real,Silikon,Abdichtung,ChemieMaterialwissenschaft
K,scientific_real,"""Dr. Schulz war Notfallchirurg*und hatte heute*eine Nachtschicht vor sich.<br> Kurz nach Mitternacht*wurde ein junger Mann eingeliefert,<br>der in einen schweren Autounfall*verwickelt war.*Sie operierten*vier Stunden lang,<br>bis der Patient wieder*in einem stabilen Zustand*war.<br>Da immer noch*die Möglichkeit*einer Infektion*bestand,*wurde er*sorgfältig überwacht.<br>Sie wollten*es verhindern,*dass*ein Antibiotikum*eingesetzt*werden müsste.<br>Die Familie*des Patienten*wurde bereits*vom Krankenhaus kontaktiert<br>und sie wartete besorgt*im Wartezimmer*auf Neuigkeiten über ihr Familienmitglied.<br>Dr. Schulz traf die Familie*und übergab ihnen*die guten Nachrichten.<br>Der Patient*war bald wieder*auf dem Weg der Besserung.""",1,"""Ist der junge Mann nachmittags hospitalisiert worden?""",f,24_scientific_real,Infektion,Antibiotikum,Chirurgie
K,everyday_pseudo,"""Maria und Tom*hatten sich lange*auf ihren Kurzurlaub in Berlin gefreut.*Als sie am Morgen<br>den Zug bestiegen,*war die Aufregung greifbar.*Mittags erreichten sie schließlich*die Stadt<br>und machten sich*auf die Suche*nach ihrer Ferienwohnung.*Die Wegbeschreibung*hatte sie<br>zu einem Gebäude geführt,*dessen Anblick*ihnen fast*den Atem raubte.<br>Entlang*der Vorderseite*erstreckte sich*eine Betando*und bot einen*weiten Blick*über die Gegend.<br>Sie freuten*sich auf*die Aussicht*von dort*und kramten*nach dem Schlüssel*zum Eintreten.*Sie waren*überrascht,<br>dass ihre*günstige Ferienwohnung*tatsächlich*in diesem*beeindruckenden Gebäude lag.<br>Erschöpft*von der Reise*betraten sie*das Apartment.*Es war gemütlich und einladend.<br>Sie ruhten sich kurz aus,*bevor sie sich*in die*Berliner Innenstadt stürzten.<br>Sie besuchten*den Alexanderplatz*und danach das Brandenburger Tor.""",1,"""Kamen sie zu Mitternacht in der Stadt an?""",f,15_everday_pseudo,Betando,Aussicht,everyday
K,everyday_pseudo,"""Inmitten der quirligen Kindergartenkinder*fiel der schüchterne Timmy auf.<br>Die Kindergärtnerin,*Frau Schröder,*beobachtete,*wie Timmy sich zurückzog<br>und sich schwertat,*sich auszudrücken.*Nach Rücksprache mit den Eltern*erfuhr sie<br>von Tims sozialer Angst.*Frau Schröder*war entschlossen,*den Eltern*zu helfen.<br>Sie erzählte*ihnen von*einer Rhelazie*über die sie*erst vor Kurzem*gelesen hatte.<br>Sie glaubte*fest an*eine Heilung*und hoffte*auf keine Komplikationen.<br>Timmys Eltern*ließen sich genau beraten,*und entschieden sich*schließlich dafür,<br>dem Rat der Kindergärtnerin*zu folgen.*Die Verwandlung war erstaunlich.<br>Timmy begann,*seine Ängste zu überwinden*und wurde aktiver.<br>Frau Schröder war stolz*auf den Fortschritt*und war froh,*dass sie ihm helfen konnte.""",1,"""War Timmy vorher ein zurückgezogenes Kind?""",j,21_everday_pseudo,Rhelazie,Heilung,everyday
K,scientific_pseudo,"""Die Ökologin Dr. Zimmermann*und ihr Kollege Dr. Gauer*hatten beschlossen, gemeinsam<br>an einem Forschungsprojekt*zur Biodiversität in verschiedenen Klimazonen*zu arbeiten.<br>Sie unterhielten sich heute*über lokale Schutzmaßnahmen in Deutschland,<br>woraufhin Dr. Gauer*eine mitgebrachte Mappe*öffnete*und etwas hervorholte.<br>In seiner*Hand*hielt er*einen Nazendeg*und sie*schaute ihn*überrascht*an.<br>Er*hatte ihn*im Garten*entdeckt*und ihr*geben wollen.<br>Die beiden Ökologen*waren davon überzeugt,*ihr gemeinsames Projekt<br>weiter voranzutreiben*und damit einen Beitrag*zur Erhaltung<br>der heimischen Artenvielfalt zu leisten.*Sie unterhielten sich*für mehrere Stunden<br>und warfen viele Ideen*in den Raum,*die sie unbedingt umsetzen wollten.""",1,"""Arbeiteten sie gemeinsam an einem Forschungsprojekt?""",j,7_scientific_pseudo,Nazendeg,Garten,Botanik
K,scientific_pseudo,"""Die Forscherin Dr. Elise Linden*arbeitete in ihrem Labor*in Amsterdam<br>an ihrer Studie über globale Erwärmung.*Gegen Nachmittag*klingelte ihr Handy<br>und sie wurde von ihren Vorgesetzten*zu einer dringenden Besprechung*gerufen.<br>Man hatte in einem Forschungsinstitut*in den USA*nach ihrer Expertise*gefragt.<br>In den USA*war gestern*ein Hedeorem*eingeschlagen*dessen Bergung*im Gange war.<br>Sie überlegte,*wie groß*der Krater*sein musste.*Sie entschloss sich,*an der Mission<br>teilzunehmen,*denn sie könnte gleichzeitig*Proben für ihre eigenen Forschungsprojekte<br>sammeln.*Aufgeregt verließ sie*ihr Labor*und eilte nach Hause,*um ihre Koffer zu packen.<br>Der Flug für ihre Reise in die USA*würde bereits morgen früh*um 6 Uhr abheben.<br>Sie konnte vor Aufregung*kaum schlafen,*aber sie saß rechtzeitig im Flugzeug.""",1,"""Flog das Flugzeug erst in einer Woche?""",f,10_scientific_pseudo,Hedeorem,Krater,Astronomie
L,everyday_real,"""Am Sonntag lud Oma Hilde*ihre Enkelkinder Sophie und Ben*zum Mittagessen ein.<br>Die beiden Geschwister*wurden von verführerischen Düften*aus der Küche empfangen.<br>Es war das erste Mal*seit der Renovierung,*dass die Enkel zu Besuch kamen.<br>Vorher gab es Probleme*mit den alten Fenstern,*durch die immer*kalter Wind zog.<br>Der Rand*wurde*mit Silikon*versiegelt*und anschließend*fein verputzt.<br>Es wurde versichert,*dass*die Abdichtung*sehr präzise*ausgeführt wurde.*Hilde hoffte,<br>dass die Heizkosten*nun sinken würden.*Die Kinder setzten sich*an den Tisch<br>und jubelten,*als ihre Oma eine Roulade enthüllte.*Nach dem Essen*halfen sie.<br>ihrer Oma,*den Tisch abzuräumen*und gingen dann*in den Garten,*um zu spielen. <br>Ihre Oma*machte das Geschirr*und beobachtete die beiden*durch das Fenster.""",1,"""Hat Oma Hilde für ihre Enkel Brathähnchen gemacht?""",f,18_everyday_real,Silikon,Abdichtung,everyday
L,everyday_real,"""Felix und Tom verbrachten*den sonnigen Nachmittag*mit Inline-Skaten<br>im nahegelegenen Park.*Tom versuchte,*eine gewagte Kurve zu nehmen,*doch er stürzte.<br> Felix half ihm auf*und sie eilten*zu Toms Eltern,*die in der Nähe picknickten.<br>Toms Mutter reinigte*die Wunde*mit Desinfektionsmittel*und klebte*ein Pflaster auf.<br>Da immer noch*die Möglichkeit*einer Infektion*bestand,*wurde er*sorgfältig überwacht.<br>Sie wollte*es verhindern,*dass*ein Antibiotikum*eingesetzt*werden müsste.<br>Langsam,*aber sicher*heilte*die Verletzung*und Tom konnte*schon bald wieder<br>auf seinen Inline-Skates stehen.*Von nun an*zog Tom immer*seine Knieschoner an,<br>und fuhr*nicht mehr so waghalsig.*Am nächsten Tag*spielten Felix und Tom*schon wieder<br>zusammen im Park*und hatten den Unfall vom Vortag*völlig vergessen.""",1,"""Sind Felix und Tom Skateboard gefahren?""",f,24_everyday_real,Infektion,Antibiotikum,everyday
L,scientific_real,"""In Australien forschten*einige Wissenschaftler*an der Entschlüsselung*der genetischen Codes<br>von neu entdeckten Mikroorganismen,*die in den Tiefen der Ozeane *gefunden wurden.<br> Eines Tages*stieß das Team*auf eine unerwartete Gensequenz,<br> die das Potenzial hatte,*Anwendungen*in interessanten Bereichen*zu eröffnen.<br>Dazu*konnten sie*eine Maschine*benutzen,*die ihnen*zur Verfügung*gestellt wurde.<br>Einige der Kollegen*mochten*die Technik*besonders gerne.<br>Andere beschäftigten sich*mehr mit*den möglichen Folgen*ihrer Arbeit.<br>Nach Monaten*intensiver Forschung*entwickelten sie schließlich*eine Methode <br>zur Energiegewinnung*aus Mikroorganismen.*Ihre Arbeit erregte*große Aufmerksamkeit,<br>und das Team wurde*zu mehreren Konferenzen*über Mikrobiologie eingeladen.""",1,"""Entwickelte das Team eine Methode zur Energiegewinnung?""",j,4_scientific_real,Maschine,Technik,Mikrobiologie
L,scientific_real,"""Zwei Ökologen,*Dr. Schulz und Professor Schneider,*trafen sich im Unigarten,<br>um bei einem Spaziergang*neueste Erkenntnisse zu diskutieren.<br>Während sie sich*über Dr. Schulz'*neueste Studien unterhielten,*kam das Gespräch<br>auf die ihrer Meinung nach*besten Umweltschutzmaßnahmen,*die umgesetzt werden sollten.<br>Sie beobachteten*interessiert*eine Hornisse*und bewunderten*deren Größe.<br>Kurz darauf*hörten sie*ein Summen*und erschraken,*als sie dicht*an ihnen*vorbeizog.<br>Professor Schneider*musste lachen.*Während sie sich*weiter unterhielten,<br>wechselten sie das Thema*und begannen,*die Auswirkungen des Klimawandels<br>auf die Biodiversität*zu diskutieren.*Die zunehmenden Veränderungen*in der Umwelt<br>erforderten ihrer Meinung nach*dringende Maßnahmen*zum Schutz der Artenvielfalt.“",1,"""Trafen die beiden sich im Unigarten?""",j,12_scientific_real,Hornisse,Summen,Ökologie
L,everyday_pseudo,"""Franziska saß entspannt im Wohnzimmer*und genoss ihr Buch,*als ihr Sohn Daniel<br>mit braunen Handflächen*und Dreck im Gesicht*vom Spielplatz zurückkehrte.<br>Etwas genervt bemerkte Franziska,*wie Daniel den Sand*aus dem Sandkasten*im Haus verteilte.<br>Sie bat Daniel*kurz draußen zu warten.*Da stupste*Daniel*seine Mutter an.<br>In seiner*Hand*hielt er*einen Nazendeg*und sie*schaute ihn*überrascht*an.<br>Er*hatte ihn*im Garten*entdeckt*und ihr*geben wollen.<br> Deren Ärger*verflog schnell*und sie stand auf,*um ihren Sohn*vor der Tür<br>vom Sand*zu befreien.*Daniel schien den ganzen Sandkasten*mitgenommen zu haben.<br>Danach sprang Daniel*unter die Dusche*und war bald wieder sauber.<br>Franziska setzte sich*wieder ins Wohnzimmer*und las weiter.""",1,"""Saß Franziska im Wohnzimmer und las?""",j,7_everday_pseudo,Nazendeg,Garten,everyday
L,everyday_pseudo,"""David saß abends nach der Arbeit*in seinem Sessel im Wohnzimmer*und schaltete müde<br>zwischen den Fernsehkanälen*hin und her.*Kurz ließ er*einen Zeichentrickfilm laufen,<br>in dem eine Freundesgruppe*Abenteuer erlebte,*aber seine Gedanken wanderten<br>immer wieder zur Arbeit.*Als er wieder umschaltete,*sah er*eine Sondermeldung.<br>In den USA*war gestern*ein Hedeorem*eingeschlagen*dessen Bergung*im Gange war.<br> Er überlegte,*wie groß*der Krater*sein musste.*Schließlich legte er*die Fernbedienung<br>beiseite und beschloss,*nach draußen zu gehen.*Ein Spaziergang war*genau das Richtige,<br>um den Kopf freizubekommen*und die Sorgen über die Arbeit*für den Moment zu vergessen.<br>Die frische Luft und Naturgeräusche halfen ihm,*sich zu beruhigen*und Energie zu tanken.<br>Er fühlte sich*schon viel besser*und konnte endlich abschalten.""",1,"""Schaute David den Zeichentrickfilm lange an?""",f,10_everday_pseudo,Hedeorem,Krater,everyday
L,scientific_pseudo,"""In einem Viertel,*das für seine beeindruckende Architektur*bekannt war,*waren die beiden<br>befreundeten Kunstkritiker*Emma und Daniel*schon eine Weile unterwegs.*Sie sollten <br>einen Artikel*über die kulturelle Bedeutung*der Gebäude*schreiben.<br>Besonders gefiel ihnen*ein altes Herrenhaus,*das sich*von den anderen Häusern abhob.<br>Entlang*der Vorderseite*erstreckte sich*eine Betando*und bot einen*weiten Blick*über die Gegend.<br>Sie freuten*sich auf*die Aussicht*von dort*und kramten*nach dem Schlüssel*zum Eintreten.<br>Die filigranen Säulen*und das Geländer*verliehen dem Gebäude*eine majestätische Aura.<br>Sie schrieben*über die kunstvollen Fresken im Inneren*und die Geschichten über<br>die berühmten Persönlichkeiten,*die einst in diesem Herrenhaus*gelebt hatten.<br>Der Artikel war*ein voller Erfolg*und fand viel Anklang*bei der Leserschaft.""",1,"""Ging es in dem Artikel um die hässlichsten Häuser der Stadt?""",f,15_scientific_pseudo,Betando,Aussicht,Architektur
L,scientific_pseudo,"""Dr. Schröder,*eine Rheumatologin,*betrat das Krankenzimmer,*in dem ein Patient<br>namens Bastian*mit seinen Eltern saß.*Er hatte seit Wochen*mit starken Gelenkschmerzen<br>und Schwellungen zu kämpfen.*Dr. Schröder führte*eine körperliche Untersuchung durch.<br>Sie stellte fest,*dass Bastian*an einem seltenen,*aber schweren Gelenkleiden litt.<br>Sie erzählte*ihnen von*einer Rhelazie*über die sie*erst vor Kurzem*gelesen hatte.<br>Sie glaubte*fest an*eine Heilung*und hoffte*auf keine Komplikationen.<br>In den*folgenden Wochen*begannen seine Schmerzen*nachzulassen.<br>Dr. Schröder war erleichtert,*dass er*auf dem Weg der Besserung war,*und Bastian<br>war dankbar*für ihre Sorgfalt und Expertise*bei der Diagnose*seiner Erkrankung.<br>Auch seine Eltern*waren sehr erleichtert*und bedankten sich.""",1,"""Hatte Bastian Schwellungen am Körper?""",j,21_scientific_pseudo,Rhelazie,Heilung,Rheumatologie